event_index,mode,cohort,student_id,problem_id,problem_slug,problem_title,difficulty,concept,attempt_no,stage,scenario,expected_action,expected_reason,status,action,agreement,error_type,compile_success,tests_passed,tests_failed,analysis_time_ms,wall_latency_ms,suspicious_region,code_lines,error
1,NO_POLICY,1,431001,301,palindrome,Valid Palindrome,easy,two pointers and string normalization,1,syntax,missing_statement_ending,CODE_HIGHLIGHT,First syntax error should be localized before giving a concept explanation.,200,CONCEPTUAL_HINT,false,SYNTAX_ERROR,False,0,0,162,294,statement ending,1,
2,NO_POLICY,1,431001,301,palindrome,Valid Palindrome,easy,two pointers and string normalization,2,planning,unfinished_implementation,GUIDING_QUESTION,Unfinished code should prompt the student to state the next step.,200,CONCEPTUAL_HINT,false,STUCK_NO_PROGRESS,True,0,3,64,122,unfinished implementation,2,
3,NO_POLICY,1,431001,301,palindrome,Valid Palindrome,easy,two pointers and string normalization,3,first_conceptual_error,possible_null_access_first,CODE_HIGHLIGHT,First substantial mistake should receive the least sufficient intervention.,200,CONCEPTUAL_HINT,false,POSSIBLE_NULL_ACCESS,True,3,0,34,91,missing null or empty guard,1,
4,NO_POLICY,1,431001,301,palindrome,Valid Palindrome,easy,two pointers and string normalization,4,repeated_conceptual_error,possible_null_access_repeat,CONCEPTUAL_HINT,Repeated mistake should move from location cue to conceptual support.,200,CONCEPTUAL_HINT,true,POSSIBLE_NULL_ACCESS,True,3,0,24,68,missing null or empty guard,1,
5,NO_POLICY,1,431001,301,palindrome,Valid Palindrome,easy,two pointers and string normalization,5,partial_logic,partial_but_compiling,CONCEPTUAL_HINT,Compiling but incomplete logic should receive a compact conceptual nudge.,200,CONCEPTUAL_HINT,true,UNKNOWN,True,1,2,17,51,logic block,1,
6,NO_POLICY,1,431001,301,palindrome,Valid Palindrome,easy,two pointers and string normalization,6,local_completion,locally_complete,NO_FEEDBACK,Locally complete state should not be interrupted.,200,CONCEPTUAL_HINT,false,WRONG_CONDITION,True,1,2,15,65,while condition,1,
7,NO_POLICY,1,431002,302,two-sum,Two Sum,easy,hash map lookup and pair search,1,syntax,missing_statement_ending,CODE_HIGHLIGHT,First syntax error should be localized before giving a concept explanation.,200,CONCEPTUAL_HINT,false,SYNTAX_ERROR,False,0,0,5,53,statement ending,1,
8,NO_POLICY,1,431002,302,two-sum,Two Sum,easy,hash map lookup and pair search,2,planning,unfinished_implementation,GUIDING_QUESTION,Unfinished code should prompt the student to state the next step.,200,CONCEPTUAL_HINT,false,STUCK_NO_PROGRESS,True,0,3,13,66,unfinished implementation,2,
9,NO_POLICY,1,431002,302,two-sum,Two Sum,easy,hash map lookup and pair search,3,first_conceptual_error,off_by_one_first,CODE_HIGHLIGHT,First substantial mistake should receive the least sufficient intervention.,200,CONCEPTUAL_HINT,false,OFF_BY_ONE,True,1,2,12,58,for loop condition,1,
10,NO_POLICY,1,431002,302,two-sum,Two Sum,easy,hash map lookup and pair search,4,repeated_conceptual_error,off_by_one_repeat,CONCEPTUAL_HINT,Repeated mistake should move from location cue to conceptual support.,200,CONCEPTUAL_HINT,true,OFF_BY_ONE,True,1,2,14,67,for loop condition,1,
11,NO_POLICY,1,431002,302,two-sum,Two Sum,easy,hash map lookup and pair search,5,partial_logic,partial_but_compiling,CONCEPTUAL_HINT,Compiling but incomplete logic should receive a compact conceptual nudge.,200,CONCEPTUAL_HINT,true,UNKNOWN,True,1,2,10,53,logic block,1,
12,NO_POLICY,1,431002,302,two-sum,Two Sum,easy,hash map lookup and pair search,6,local_completion,locally_complete,NO_FEEDBACK,Locally complete state should not be interrupted.,200,CONCEPTUAL_HINT,false,UNKNOWN,True,3,0,13,63,logic block,1,
13,NO_POLICY,1,431003,303,valid-parentheses,Valid Parentheses,easy,stack state and matching brackets,1,syntax,missing_statement_ending,CODE_HIGHLIGHT,First syntax error should be localized before giving a concept explanation.,200,CONCEPTUAL_HINT,false,SYNTAX_ERROR,False,0,0,4,57,statement ending,1,
14,NO_POLICY,1,431003,303,valid-parentheses,Valid Parentheses,easy,stack state and matching brackets,2,planning,unfinished_implementation,GUIDING_QUESTION,Unfinished code should prompt the student to state the next step.,200,CONCEPTUAL_HINT,false,STUCK_NO_PROGRESS,True,0,3,10,35,unfinished implementation,2,
15,NO_POLICY,1,431003,303,valid-parentheses,Valid Parentheses,easy,stack state and matching brackets,3,first_conceptual_error,possible_null_access_first,CODE_HIGHLIGHT,First substantial mistake should receive the least sufficient intervention.,200,CONCEPTUAL_HINT,false,UNKNOWN,True,3,0,10,61,logic block,1,
16,NO_POLICY,1,431003,303,valid-parentheses,Valid Parentheses,easy,stack state and matching brackets,4,repeated_conceptual_error,possible_null_access_repeat,CONCEPTUAL_HINT,Repeated mistake should move from location cue to conceptual support.,200,CONCEPTUAL_HINT,true,UNKNOWN,True,3,0,15,65,logic block,1,
17,NO_POLICY,1,431003,303,valid-parentheses,Valid Parentheses,easy,stack state and matching brackets,5,partial_logic,partial_but_compiling,CONCEPTUAL_HINT,Compiling but incomplete logic should receive a compact conceptual nudge.,200,CONCEPTUAL_HINT,true,UNKNOWN,True,1,2,12,60,logic block,1,
18,NO_POLICY,1,431003,303,valid-parentheses,Valid Parentheses,easy,stack state and matching brackets,6,local_completion,locally_complete,NO_FEEDBACK,Locally complete state should not be interrupted.,200,CONCEPTUAL_HINT,false,UNKNOWN,True,3,0,10,62,logic block,1,
19,NO_POLICY,1,431004,304,binary-search,Binary Search,easy,search interval invariant,1,syntax,missing_statement_ending,CODE_HIGHLIGHT,First syntax error should be localized before giving a concept explanation.,200,CONCEPTUAL_HINT,false,SYNTAX_ERROR,False,0,0,4,59,statement ending,1,
20,NO_POLICY,1,431004,304,binary-search,Binary Search,easy,search interval invariant,2,planning,unfinished_implementation,GUIDING_QUESTION,Unfinished code should prompt the student to state the next step.,200,CONCEPTUAL_HINT,false,STUCK_NO_PROGRESS,True,0,3,9,36,unfinished implementation,2,
21,NO_POLICY,1,431004,304,binary-search,Binary Search,easy,search interval invariant,3,first_conceptual_error,wrong_loop_boundary_first,CODE_HIGHLIGHT,First substantial mistake should receive the least sufficient intervention.,200,CONCEPTUAL_HINT,false,WRONG_LOOP_BOUNDARY,True,1,2,11,55,binary search loop boundary,1,
22,NO_POLICY,1,431004,304,binary-search,Binary Search,easy,search interval invariant,4,repeated_conceptual_error,wrong_loop_boundary_repeat,CONCEPTUAL_HINT,Repeated mistake should move from location cue to conceptual support.,200,CONCEPTUAL_HINT,true,WRONG_LOOP_BOUNDARY,True,1,2,11,61,binary search loop boundary,1,
23,NO_POLICY,1,431004,304,binary-search,Binary Search,easy,search interval invariant,5,partial_logic,partial_but_compiling,CONCEPTUAL_HINT,Compiling but incomplete logic should receive a compact conceptual nudge.,200,CONCEPTUAL_HINT,true,UNKNOWN,True,1,2,9,56,logic block,1,
24,NO_POLICY,1,431004,304,binary-search,Binary Search,easy,search interval invariant,6,local_completion,locally_complete,NO_FEEDBACK,Locally complete state should not be interrupted.,200,CONCEPTUAL_HINT,false,UNKNOWN,True,3,0,11,50,logic block,1,
25,NO_POLICY,1,431005,305,merge-sorted-array,Merge Sorted Array,easy,array index management,1,syntax,missing_statement_ending,CODE_HIGHLIGHT,First syntax error should be localized before giving a concept explanation.,200,CONCEPTUAL_HINT,false,SYNTAX_ERROR,False,0,0,4,45,statement ending,1,
26,NO_POLICY,1,431005,305,merge-sorted-array,Merge Sorted Array,easy,array index management,2,planning,unfinished_implementation,GUIDING_QUESTION,Unfinished code should prompt the student to state the next step.,200,CONCEPTUAL_HINT,false,STUCK_NO_PROGRESS,True,0,3,9,34,unfinished implementation,2,
27,NO_POLICY,1,431005,305,merge-sorted-array,Merge Sorted Array,easy,array index management,3,first_conceptual_error,off_by_one_first,CODE_HIGHLIGHT,First substantial mistake should receive the least sufficient intervention.,200,CONCEPTUAL_HINT,false,OFF_BY_ONE,True,1,2,8,56,for loop condition,1,
28,NO_POLICY,1,431005,305,merge-sorted-array,Merge Sorted Array,easy,array index management,4,repeated_conceptual_error,off_by_one_repeat,CONCEPTUAL_HINT,Repeated mistake should move from location cue to conceptual support.,200,CONCEPTUAL_HINT,true,OFF_BY_ONE,True,1,2,8,49,for loop condition,1,
29,NO_POLICY,1,431005,305,merge-sorted-array,Merge Sorted Array,easy,array index management,5,partial_logic,partial_but_compiling,CONCEPTUAL_HINT,Compiling but incomplete logic should receive a compact conceptual nudge.,200,CONCEPTUAL_HINT,true,UNKNOWN,True,1,2,9,41,logic block,1,
30,NO_POLICY,1,431005,305,merge-sorted-array,Merge Sorted Array,easy,array index management,6,local_completion,locally_complete,NO_FEEDBACK,Locally complete state should not be interrupted.,200,CONCEPTUAL_HINT,false,UNKNOWN,True,3,0,8,37,logic block,1,
31,NO_POLICY,1,431006,306,trapping-rain-water,Trapping Rain Water,hard,two pointers and running maxima,1,syntax,missing_statement_ending,CODE_HIGHLIGHT,First syntax error should be localized before giving a concept explanation.,200,CONCEPTUAL_HINT,false,SYNTAX_ERROR,False,0,0,4,60,statement ending,1,
32,NO_POLICY,1,431006,306,trapping-rain-water,Trapping Rain Water,hard,two pointers and running maxima,2,planning,unfinished_implementation,GUIDING_QUESTION,Unfinished code should prompt the student to state the next step.,200,CONCEPTUAL_HINT,false,STUCK_NO_PROGRESS,True,0,3,8,42,unfinished implementation,2,
33,NO_POLICY,1,431006,306,trapping-rain-water,Trapping Rain Water,hard,two pointers and running maxima,3,first_conceptual_error,wrong_condition_first,CONCEPTUAL_HINT,First substantial mistake should receive the least sufficient intervention.,200,CONCEPTUAL_HINT,true,WRONG_CONDITION,True,1,2,10,47,while condition,1,
34,NO_POLICY,1,431006,306,trapping-rain-water,Trapping Rain Water,hard,two pointers and running maxima,4,repeated_conceptual_error,wrong_condition_repeat,CONCEPTUAL_HINT,Repeated mistake should move from location cue to conceptual support.,200,CONCEPTUAL_HINT,true,WRONG_CONDITION,True,1,2,10,46,while condition,1,
35,NO_POLICY,1,431006,306,trapping-rain-water,Trapping Rain Water,hard,two pointers and running maxima,5,partial_logic,partial_but_compiling,CONCEPTUAL_HINT,Compiling but incomplete logic should receive a compact conceptual nudge.,200,CONCEPTUAL_HINT,true,UNKNOWN,True,1,2,9,44,logic block,1,
36,NO_POLICY,1,431006,306,trapping-rain-water,Trapping Rain Water,hard,two pointers and running maxima,6,local_completion,locally_complete,NO_FEEDBACK,Locally complete state should not be interrupted.,200,CONCEPTUAL_HINT,false,UNKNOWN,True,1,2,10,34,logic block,1,
37,NO_POLICY,1,431007,307,lru-cache,LRU Cache,medium,state update and eviction policy,1,syntax,missing_statement_ending,CODE_HIGHLIGHT,First syntax error should be localized before giving a concept explanation.,200,CONCEPTUAL_HINT,false,SYNTAX_ERROR,False,0,0,4,52,statement ending,1,
38,NO_POLICY,1,431007,307,lru-cache,LRU Cache,medium,state update and eviction policy,2,planning,unfinished_implementation,GUIDING_QUESTION,Unfinished code should prompt the student to state the next step.,200,CONCEPTUAL_HINT,false,STUCK_NO_PROGRESS,True,0,3,8,32,unfinished implementation,2,
39,NO_POLICY,1,431007,307,lru-cache,LRU Cache,medium,state update and eviction policy,3,first_conceptual_error,unknown_logic_first,CONCEPTUAL_HINT,First substantial mistake should receive the least sufficient intervention.,200,CONCEPTUAL_HINT,true,UNKNOWN,True,3,0,9,52,logic block,1,
40,NO_POLICY,1,431007,307,lru-cache,LRU Cache,medium,state update and eviction policy,4,repeated_conceptual_error,unknown_logic_repeat,CONCEPTUAL_HINT,Repeated mistake should move from location cue to conceptual support.,200,CONCEPTUAL_HINT,true,UNKNOWN,True,3,0,8,47,logic block,1,
41,NO_POLICY,1,431007,307,lru-cache,LRU Cache,medium,state update and eviction policy,5,partial_logic,partial_but_compiling,CONCEPTUAL_HINT,Compiling but incomplete logic should receive a compact conceptual nudge.,200,CONCEPTUAL_HINT,true,UNKNOWN,True,1,2,9,31,logic block,1,
42,NO_POLICY,1,431007,307,lru-cache,LRU Cache,medium,state update and eviction policy,6,local_completion,locally_complete,NO_FEEDBACK,Locally complete state should not be interrupted.,200,CONCEPTUAL_HINT,false,UNKNOWN,True,3,0,10,46,logic block,1,
43,NO_POLICY,1,431008,308,longest-substring,Longest Substring Without Repeating Characters,medium,sliding window invariant,1,syntax,missing_statement_ending,CODE_HIGHLIGHT,First syntax error should be localized before giving a concept explanation.,200,CONCEPTUAL_HINT,false,SYNTAX_ERROR,False,0,0,4,42,statement ending,1,
44,NO_POLICY,1,431008,308,longest-substring,Longest Substring Without Repeating Characters,medium,sliding window invariant,2,planning,unfinished_implementation,GUIDING_QUESTION,Unfinished code should prompt the student to state the next step.,200,CONCEPTUAL_HINT,false,STUCK_NO_PROGRESS,True,0,3,8,47,unfinished implementation,2,
45,NO_POLICY,1,431008,308,longest-substring,Longest Substring Without Repeating Characters,medium,sliding window invariant,3,first_conceptual_error,off_by_one_first,CODE_HIGHLIGHT,First substantial mistake should receive the least sufficient intervention.,200,CONCEPTUAL_HINT,false,OFF_BY_ONE,True,1,2,9,46,for loop condition,1,
46,NO_POLICY,1,431008,308,longest-substring,Longest Substring Without Repeating Characters,medium,sliding window invariant,4,repeated_conceptual_error,off_by_one_repeat,CONCEPTUAL_HINT,Repeated mistake should move from location cue to conceptual support.,200,CONCEPTUAL_HINT,true,OFF_BY_ONE,True,1,2,8,46,for loop condition,1,
47,NO_POLICY,1,431008,308,longest-substring,Longest Substring Without Repeating Characters,medium,sliding window invariant,5,partial_logic,partial_but_compiling,CONCEPTUAL_HINT,Compiling but incomplete logic should receive a compact conceptual nudge.,200,CONCEPTUAL_HINT,true,UNKNOWN,True,1,2,11,47,logic block,1,
48,NO_POLICY,1,431008,308,longest-substring,Longest Substring Without Repeating Characters,medium,sliding window invariant,6,local_completion,locally_complete,NO_FEEDBACK,Locally complete state should not be interrupted.,200,CONCEPTUAL_HINT,false,UNKNOWN,True,3,0,11,47,logic block,1,
49,NO_POLICY,1,431009,309,reverse-linked-list,Reverse Linked List,easy,pointer update order,1,syntax,missing_statement_ending,CODE_HIGHLIGHT,First syntax error should be localized before giving a concept explanation.,200,CONCEPTUAL_HINT,false,SYNTAX_ERROR,False,0,0,5,46,statement ending,1,
50,NO_POLICY,1,431009,309,reverse-linked-list,Reverse Linked List,easy,pointer update order,2,planning,unfinished_implementation,GUIDING_QUESTION,Unfinished code should prompt the student to state the next step.,200,CONCEPTUAL_HINT,false,STUCK_NO_PROGRESS,True,0,3,8,44,unfinished implementation,2,
51,NO_POLICY,1,431009,309,reverse-linked-list,Reverse Linked List,easy,pointer update order,3,first_conceptual_error,wrong_condition_first,CONCEPTUAL_HINT,First substantial mistake should receive the least sufficient intervention.,200,CONCEPTUAL_HINT,true,WRONG_CONDITION,True,1,2,9,49,while condition,1,
52,NO_POLICY,1,431009,309,reverse-linked-list,Reverse Linked List,easy,pointer update order,4,repeated_conceptual_error,wrong_condition_repeat,CONCEPTUAL_HINT,Repeated mistake should move from location cue to conceptual support.,200,CONCEPTUAL_HINT,true,WRONG_CONDITION,True,1,2,8,30,while condition,1,
53,NO_POLICY,1,431009,309,reverse-linked-list,Reverse Linked List,easy,pointer update order,5,partial_logic,partial_but_compiling,CONCEPTUAL_HINT,Compiling but incomplete logic should receive a compact conceptual nudge.,200,CONCEPTUAL_HINT,true,UNKNOWN,True,1,2,9,49,logic block,1,
54,NO_POLICY,1,431009,309,reverse-linked-list,Reverse Linked List,easy,pointer update order,6,local_completion,locally_complete,NO_FEEDBACK,Locally complete state should not be interrupted.,200,CONCEPTUAL_HINT,false,UNKNOWN,True,3,0,8,31,logic block,1,
55,NO_POLICY,1,431010,310,matrix-diagonal-sum,Matrix Diagonal Sum,easy,nested indexing and double counting,1,syntax,missing_statement_ending,CODE_HIGHLIGHT,First syntax error should be localized before giving a concept explanation.,200,CONCEPTUAL_HINT,false,SYNTAX_ERROR,False,0,0,4,42,statement ending,1,
56,NO_POLICY,1,431010,310,matrix-diagonal-sum,Matrix Diagonal Sum,easy,nested indexing and double counting,2,planning,unfinished_implementation,GUIDING_QUESTION,Unfinished code should prompt the student to state the next step.,200,CONCEPTUAL_HINT,false,STUCK_NO_PROGRESS,True,0,3,8,50,unfinished implementation,2,
57,NO_POLICY,1,431010,310,matrix-diagonal-sum,Matrix Diagonal Sum,easy,nested indexing and double counting,3,first_conceptual_error,off_by_one_first,CODE_HIGHLIGHT,First substantial mistake should receive the least sufficient intervention.,200,CONCEPTUAL_HINT,false,OFF_BY_ONE,True,1,2,8,42,for loop condition,1,
58,NO_POLICY,1,431010,310,matrix-diagonal-sum,Matrix Diagonal Sum,easy,nested indexing and double counting,4,repeated_conceptual_error,off_by_one_repeat,CONCEPTUAL_HINT,Repeated mistake should move from location cue to conceptual support.,200,CONCEPTUAL_HINT,true,OFF_BY_ONE,True,1,2,15,67,for loop condition,1,
59,NO_POLICY,1,431010,310,matrix-diagonal-sum,Matrix Diagonal Sum,easy,nested indexing and double counting,5,partial_logic,partial_but_compiling,CONCEPTUAL_HINT,Compiling but incomplete logic should receive a compact conceptual nudge.,200,CONCEPTUAL_HINT,true,UNKNOWN,True,1,2,13,50,logic block,1,
60,NO_POLICY,1,431010,310,matrix-diagonal-sum,Matrix Diagonal Sum,easy,nested indexing and double counting,6,local_completion,locally_complete,NO_FEEDBACK,Locally complete state should not be interrupted.,200,CONCEPTUAL_HINT,false,UNKNOWN,True,3,0,13,70,logic block,1,
61,NO_POLICY,1,431011,311,roman-to-integer,Roman to Integer,easy,lookahead condition,1,syntax,missing_statement_ending,CODE_HIGHLIGHT,First syntax error should be localized before giving a concept explanation.,200,CONCEPTUAL_HINT,false,SYNTAX_ERROR,False,0,0,4,58,statement ending,1,
62,NO_POLICY,1,431011,311,roman-to-integer,Roman to Integer,easy,lookahead condition,2,planning,unfinished_implementation,GUIDING_QUESTION,Unfinished code should prompt the student to state the next step.,200,CONCEPTUAL_HINT,false,STUCK_NO_PROGRESS,True,0,3,10,34,unfinished implementation,2,
63,NO_POLICY,1,431011,311,roman-to-integer,Roman to Integer,easy,lookahead condition,3,first_conceptual_error,off_by_one_first,CODE_HIGHLIGHT,First substantial mistake should receive the least sufficient intervention.,200,CONCEPTUAL_HINT,false,OFF_BY_ONE,True,1,2,9,50,for loop condition,1,
64,NO_POLICY,1,431011,311,roman-to-integer,Roman to Integer,easy,lookahead condition,4,repeated_conceptual_error,off_by_one_repeat,CONCEPTUAL_HINT,Repeated mistake should move from location cue to conceptual support.,200,CONCEPTUAL_HINT,true,OFF_BY_ONE,True,1,2,10,68,for loop condition,1,
65,NO_POLICY,1,431011,311,roman-to-integer,Roman to Integer,easy,lookahead condition,5,partial_logic,partial_but_compiling,CONCEPTUAL_HINT,Compiling but incomplete logic should receive a compact conceptual nudge.,200,CONCEPTUAL_HINT,true,UNKNOWN,True,1,2,9,58,logic block,1,
66,NO_POLICY,1,431011,311,roman-to-integer,Roman to Integer,easy,lookahead condition,6,local_completion,locally_complete,NO_FEEDBACK,Locally complete state should not be interrupted.,200,CONCEPTUAL_HINT,false,UNKNOWN,True,3,0,11,61,logic block,1,
67,NO_POLICY,1,431012,312,climbing-stairs,Climbing Stairs,easy,base cases and recurrence,1,syntax,missing_statement_ending,CODE_HIGHLIGHT,First syntax error should be localized before giving a concept explanation.,200,CONCEPTUAL_HINT,false,SYNTAX_ERROR,False,0,0,4,59,statement ending,1,
68,NO_POLICY,1,431012,312,climbing-stairs,Climbing Stairs,easy,base cases and recurrence,2,planning,unfinished_implementation,GUIDING_QUESTION,Unfinished code should prompt the student to state the next step.,200,CONCEPTUAL_HINT,false,STUCK_NO_PROGRESS,True,0,3,8,41,unfinished implementation,2,
69,NO_POLICY,1,431012,312,climbing-stairs,Climbing Stairs,easy,base cases and recurrence,3,first_conceptual_error,wrong_condition_first,CONCEPTUAL_HINT,First substantial mistake should receive the least sufficient intervention.,200,CONCEPTUAL_HINT,true,WRONG_CONDITION,True,1,2,11,53,while condition,1,
70,NO_POLICY,1,431012,312,climbing-stairs,Climbing Stairs,easy,base cases and recurrence,4,repeated_conceptual_error,wrong_condition_repeat,CONCEPTUAL_HINT,Repeated mistake should move from location cue to conceptual support.,200,CONCEPTUAL_HINT,true,WRONG_CONDITION,True,1,2,12,45,while condition,1,
71,NO_POLICY,1,431012,312,climbing-stairs,Climbing Stairs,easy,base cases and recurrence,5,partial_logic,partial_but_compiling,CONCEPTUAL_HINT,Compiling but incomplete logic should receive a compact conceptual nudge.,200,CONCEPTUAL_HINT,true,UNKNOWN,True,1,2,10,50,logic block,1,
72,NO_POLICY,1,431012,312,climbing-stairs,Climbing Stairs,easy,base cases and recurrence,6,local_completion,locally_complete,NO_FEEDBACK,Locally complete state should not be interrupted.,200,CONCEPTUAL_HINT,false,OFF_BY_ONE,True,1,2,10,63,for loop condition,1,
73,NO_POLICY,2,432001,301,palindrome,Valid Palindrome,easy,two pointers and string normalization,1,syntax,missing_statement_ending,CODE_HIGHLIGHT,First syntax error should be localized before giving a concept explanation.,200,CONCEPTUAL_HINT,false,SYNTAX_ERROR,False,0,0,4,59,statement ending,1,
74,NO_POLICY,2,432001,301,palindrome,Valid Palindrome,easy,two pointers and string normalization,2,planning,unfinished_implementation,GUIDING_QUESTION,Unfinished code should prompt the student to state the next step.,200,CONCEPTUAL_HINT,false,STUCK_NO_PROGRESS,True,0,3,9,46,unfinished implementation,2,
75,NO_POLICY,2,432001,301,palindrome,Valid Palindrome,easy,two pointers and string normalization,3,first_conceptual_error,possible_null_access_first,CODE_HIGHLIGHT,First substantial mistake should receive the least sufficient intervention.,200,CONCEPTUAL_HINT,false,POSSIBLE_NULL_ACCESS,True,3,0,12,46,missing null or empty guard,1,
76,NO_POLICY,2,432001,301,palindrome,Valid Palindrome,easy,two pointers and string normalization,4,repeated_conceptual_error,possible_null_access_repeat,CONCEPTUAL_HINT,Repeated mistake should move from location cue to conceptual support.,200,CONCEPTUAL_HINT,true,POSSIBLE_NULL_ACCESS,True,3,0,11,34,missing null or empty guard,1,
77,NO_POLICY,2,432001,301,palindrome,Valid Palindrome,easy,two pointers and string normalization,5,partial_logic,partial_but_compiling,CONCEPTUAL_HINT,Compiling but incomplete logic should receive a compact conceptual nudge.,200,CONCEPTUAL_HINT,true,UNKNOWN,True,1,2,10,59,logic block,1,
78,NO_POLICY,2,432001,301,palindrome,Valid Palindrome,easy,two pointers and string normalization,6,local_completion,locally_complete,NO_FEEDBACK,Locally complete state should not be interrupted.,200,CONCEPTUAL_HINT,false,WRONG_CONDITION,True,1,2,14,47,while condition,1,
79,NO_POLICY,2,432002,302,two-sum,Two Sum,easy,hash map lookup and pair search,1,syntax,missing_statement_ending,CODE_HIGHLIGHT,First syntax error should be localized before giving a concept explanation.,200,CONCEPTUAL_HINT,false,SYNTAX_ERROR,False,0,0,5,45,statement ending,1,
80,NO_POLICY,2,432002,302,two-sum,Two Sum,easy,hash map lookup and pair search,2,planning,unfinished_implementation,GUIDING_QUESTION,Unfinished code should prompt the student to state the next step.,200,CONCEPTUAL_HINT,false,STUCK_NO_PROGRESS,True,0,3,11,49,unfinished implementation,2,
81,NO_POLICY,2,432002,302,two-sum,Two Sum,easy,hash map lookup and pair search,3,first_conceptual_error,off_by_one_first,CODE_HIGHLIGHT,First substantial mistake should receive the least sufficient intervention.,200,CONCEPTUAL_HINT,false,OFF_BY_ONE,True,1,2,7,53,for loop condition,1,
82,NO_POLICY,2,432002,302,two-sum,Two Sum,easy,hash map lookup and pair search,4,repeated_conceptual_error,off_by_one_repeat,CONCEPTUAL_HINT,Repeated mistake should move from location cue to conceptual support.,200,CONCEPTUAL_HINT,true,OFF_BY_ONE,True,1,2,7,27,for loop condition,1,
83,NO_POLICY,2,432002,302,two-sum,Two Sum,easy,hash map lookup and pair search,5,partial_logic,partial_but_compiling,CONCEPTUAL_HINT,Compiling but incomplete logic should receive a compact conceptual nudge.,200,CONCEPTUAL_HINT,true,UNKNOWN,True,1,2,7,50,logic block,1,
84,NO_POLICY,2,432002,302,two-sum,Two Sum,easy,hash map lookup and pair search,6,local_completion,locally_complete,NO_FEEDBACK,Locally complete state should not be interrupted.,200,CONCEPTUAL_HINT,false,UNKNOWN,True,3,0,8,29,logic block,1,
85,NO_POLICY,2,432003,303,valid-parentheses,Valid Parentheses,easy,stack state and matching brackets,1,syntax,missing_statement_ending,CODE_HIGHLIGHT,First syntax error should be localized before giving a concept explanation.,200,CONCEPTUAL_HINT,false,SYNTAX_ERROR,False,0,0,4,47,statement ending,1,
86,NO_POLICY,2,432003,303,valid-parentheses,Valid Parentheses,easy,stack state and matching brackets,2,planning,unfinished_implementation,GUIDING_QUESTION,Unfinished code should prompt the student to state the next step.,200,CONCEPTUAL_HINT,false,STUCK_NO_PROGRESS,True,0,3,10,50,unfinished implementation,2,
87,NO_POLICY,2,432003,303,valid-parentheses,Valid Parentheses,easy,stack state and matching brackets,3,first_conceptual_error,possible_null_access_first,CODE_HIGHLIGHT,First substantial mistake should receive the least sufficient intervention.,200,CONCEPTUAL_HINT,false,UNKNOWN,True,3,0,8,41,logic block,1,
88,NO_POLICY,2,432003,303,valid-parentheses,Valid Parentheses,easy,stack state and matching brackets,4,repeated_conceptual_error,possible_null_access_repeat,CONCEPTUAL_HINT,Repeated mistake should move from location cue to conceptual support.,200,CONCEPTUAL_HINT,true,UNKNOWN,True,3,0,6,48,logic block,1,
89,NO_POLICY,2,432003,303,valid-parentheses,Valid Parentheses,easy,stack state and matching brackets,5,partial_logic,partial_but_compiling,CONCEPTUAL_HINT,Compiling but incomplete logic should receive a compact conceptual nudge.,200,CONCEPTUAL_HINT,true,UNKNOWN,True,1,2,8,47,logic block,1,
90,NO_POLICY,2,432003,303,valid-parentheses,Valid Parentheses,easy,stack state and matching brackets,6,local_completion,locally_complete,NO_FEEDBACK,Locally complete state should not be interrupted.,200,CONCEPTUAL_HINT,false,UNKNOWN,True,3,0,7,45,logic block,1,
91,NO_POLICY,2,432004,304,binary-search,Binary Search,easy,search interval invariant,1,syntax,missing_statement_ending,CODE_HIGHLIGHT,First syntax error should be localized before giving a concept explanation.,200,CONCEPTUAL_HINT,false,SYNTAX_ERROR,False,0,0,6,53,statement ending,1,
92,NO_POLICY,2,432004,304,binary-search,Binary Search,easy,search interval invariant,2,planning,unfinished_implementation,GUIDING_QUESTION,Unfinished code should prompt the student to state the next step.,200,CONCEPTUAL_HINT,false,STUCK_NO_PROGRESS,True,0,3,8,28,unfinished implementation,2,
93,NO_POLICY,2,432004,304,binary-search,Binary Search,easy,search interval invariant,3,first_conceptual_error,wrong_loop_boundary_first,CODE_HIGHLIGHT,First substantial mistake should receive the least sufficient intervention.,200,CONCEPTUAL_HINT,false,WRONG_LOOP_BOUNDARY,True,1,2,10,47,binary search loop boundary,1,
94,NO_POLICY,2,432004,304,binary-search,Binary Search,easy,search interval invariant,4,repeated_conceptual_error,wrong_loop_boundary_repeat,CONCEPTUAL_HINT,Repeated mistake should move from location cue to conceptual support.,200,CONCEPTUAL_HINT,true,WRONG_LOOP_BOUNDARY,True,1,2,9,43,binary search loop boundary,1,
95,NO_POLICY,2,432004,304,binary-search,Binary Search,easy,search interval invariant,5,partial_logic,partial_but_compiling,CONCEPTUAL_HINT,Compiling but incomplete logic should receive a compact conceptual nudge.,200,CONCEPTUAL_HINT,true,UNKNOWN,True,1,2,7,29,logic block,1,
96,NO_POLICY,2,432004,304,binary-search,Binary Search,easy,search interval invariant,6,local_completion,locally_complete,NO_FEEDBACK,Locally complete state should not be interrupted.,200,CONCEPTUAL_HINT,false,UNKNOWN,True,3,0,8,47,logic block,1,
97,NO_POLICY,2,432005,305,merge-sorted-array,Merge Sorted Array,easy,array index management,1,syntax,missing_statement_ending,CODE_HIGHLIGHT,First syntax error should be localized before giving a concept explanation.,200,CONCEPTUAL_HINT,false,SYNTAX_ERROR,False,0,0,3,44,statement ending,1,
98,NO_POLICY,2,432005,305,merge-sorted-array,Merge Sorted Array,easy,array index management,2,planning,unfinished_implementation,GUIDING_QUESTION,Unfinished code should prompt the student to state the next step.,200,CONCEPTUAL_HINT,false,STUCK_NO_PROGRESS,True,0,3,10,52,unfinished implementation,2,
99,NO_POLICY,2,432005,305,merge-sorted-array,Merge Sorted Array,easy,array index management,3,first_conceptual_error,off_by_one_first,CODE_HIGHLIGHT,First substantial mistake should receive the least sufficient intervention.,200,CONCEPTUAL_HINT,false,OFF_BY_ONE,True,1,2,14,50,for loop condition,1,
100,NO_POLICY,2,432005,305,merge-sorted-array,Merge Sorted Array,easy,array index management,4,repeated_conceptual_error,off_by_one_repeat,CONCEPTUAL_HINT,Repeated mistake should move from location cue to conceptual support.,200,CONCEPTUAL_HINT,true,OFF_BY_ONE,True,1,2,7,27,for loop condition,1,
101,NO_POLICY,2,432005,305,merge-sorted-array,Merge Sorted Array,easy,array index management,5,partial_logic,partial_but_compiling,CONCEPTUAL_HINT,Compiling but incomplete logic should receive a compact conceptual nudge.,200,CONCEPTUAL_HINT,true,UNKNOWN,True,1,2,6,25,logic block,1,
102,NO_POLICY,2,432005,305,merge-sorted-array,Merge Sorted Array,easy,array index management,6,local_completion,locally_complete,NO_FEEDBACK,Locally complete state should not be interrupted.,200,CONCEPTUAL_HINT,false,UNKNOWN,True,3,0,8,50,logic block,1,
103,NO_POLICY,2,432006,306,trapping-rain-water,Trapping Rain Water,hard,two pointers and running maxima,1,syntax,missing_statement_ending,CODE_HIGHLIGHT,First syntax error should be localized before giving a concept explanation.,200,CONCEPTUAL_HINT,false,SYNTAX_ERROR,False,0,0,3,42,statement ending,1,
104,NO_POLICY,2,432006,306,trapping-rain-water,Trapping Rain Water,hard,two pointers and running maxima,2,planning,unfinished_implementation,GUIDING_QUESTION,Unfinished code should prompt the student to state the next step.,200,CONCEPTUAL_HINT,false,STUCK_NO_PROGRESS,True,0,3,7,48,unfinished implementation,2,
105,NO_POLICY,2,432006,306,trapping-rain-water,Trapping Rain Water,hard,two pointers and running maxima,3,first_conceptual_error,wrong_condition_first,CONCEPTUAL_HINT,First substantial mistake should receive the least sufficient intervention.,200,CONCEPTUAL_HINT,true,WRONG_CONDITION,True,1,2,8,49,while condition,1,
106,NO_POLICY,2,432006,306,trapping-rain-water,Trapping Rain Water,hard,two pointers and running maxima,4,repeated_conceptual_error,wrong_condition_repeat,CONCEPTUAL_HINT,Repeated mistake should move from location cue to conceptual support.,200,CONCEPTUAL_HINT,true,WRONG_CONDITION,True,1,2,7,44,while condition,1,
107,NO_POLICY,2,432006,306,trapping-rain-water,Trapping Rain Water,hard,two pointers and running maxima,5,partial_logic,partial_but_compiling,CONCEPTUAL_HINT,Compiling but incomplete logic should receive a compact conceptual nudge.,200,CONCEPTUAL_HINT,true,UNKNOWN,True,1,2,6,46,logic block,1,
108,NO_POLICY,2,432006,306,trapping-rain-water,Trapping Rain Water,hard,two pointers and running maxima,6,local_completion,locally_complete,NO_FEEDBACK,Locally complete state should not be interrupted.,200,CONCEPTUAL_HINT,false,UNKNOWN,True,1,2,7,45,logic block,1,
109,NO_POLICY,2,432007,307,lru-cache,LRU Cache,medium,state update and eviction policy,1,syntax,missing_statement_ending,CODE_HIGHLIGHT,First syntax error should be localized before giving a concept explanation.,200,CONCEPTUAL_HINT,false,SYNTAX_ERROR,False,0,0,3,46,statement ending,1,
110,NO_POLICY,2,432007,307,lru-cache,LRU Cache,medium,state update and eviction policy,2,planning,unfinished_implementation,GUIDING_QUESTION,Unfinished code should prompt the student to state the next step.,200,CONCEPTUAL_HINT,false,STUCK_NO_PROGRESS,True,0,3,10,52,unfinished implementation,2,
111,NO_POLICY,2,432007,307,lru-cache,LRU Cache,medium,state update and eviction policy,3,first_conceptual_error,unknown_logic_first,CONCEPTUAL_HINT,First substantial mistake should receive the least sufficient intervention.,200,CONCEPTUAL_HINT,true,UNKNOWN,True,3,0,7,41,logic block,1,
112,NO_POLICY,2,432007,307,lru-cache,LRU Cache,medium,state update and eviction policy,4,repeated_conceptual_error,unknown_logic_repeat,CONCEPTUAL_HINT,Repeated mistake should move from location cue to conceptual support.,200,CONCEPTUAL_HINT,true,UNKNOWN,True,3,0,7,46,logic block,1,
113,NO_POLICY,2,432007,307,lru-cache,LRU Cache,medium,state update and eviction policy,5,partial_logic,partial_but_compiling,CONCEPTUAL_HINT,Compiling but incomplete logic should receive a compact conceptual nudge.,200,CONCEPTUAL_HINT,true,UNKNOWN,True,1,2,6,48,logic block,1,
114,NO_POLICY,2,432007,307,lru-cache,LRU Cache,medium,state update and eviction policy,6,local_completion,locally_complete,NO_FEEDBACK,Locally complete state should not be interrupted.,200,CONCEPTUAL_HINT,false,UNKNOWN,True,3,0,6,46,logic block,1,
115,NO_POLICY,2,432008,308,longest-substring,Longest Substring Without Repeating Characters,medium,sliding window invariant,1,syntax,missing_statement_ending,CODE_HIGHLIGHT,First syntax error should be localized before giving a concept explanation.,200,CONCEPTUAL_HINT,false,SYNTAX_ERROR,False,0,0,3,27,statement ending,1,
116,NO_POLICY,2,432008,308,longest-substring,Longest Substring Without Repeating Characters,medium,sliding window invariant,2,planning,unfinished_implementation,GUIDING_QUESTION,Unfinished code should prompt the student to state the next step.,200,CONCEPTUAL_HINT,false,STUCK_NO_PROGRESS,True,0,3,8,31,unfinished implementation,2,
117,NO_POLICY,2,432008,308,longest-substring,Longest Substring Without Repeating Characters,medium,sliding window invariant,3,first_conceptual_error,off_by_one_first,CODE_HIGHLIGHT,First substantial mistake should receive the least sufficient intervention.,200,CONCEPTUAL_HINT,false,OFF_BY_ONE,True,1,2,10,33,for loop condition,1,
118,NO_POLICY,2,432008,308,longest-substring,Longest Substring Without Repeating Characters,medium,sliding window invariant,4,repeated_conceptual_error,off_by_one_repeat,CONCEPTUAL_HINT,Repeated mistake should move from location cue to conceptual support.,200,CONCEPTUAL_HINT,true,OFF_BY_ONE,True,1,2,9,50,for loop condition,1,
119,NO_POLICY,2,432008,308,longest-substring,Longest Substring Without Repeating Characters,medium,sliding window invariant,5,partial_logic,partial_but_compiling,CONCEPTUAL_HINT,Compiling but incomplete logic should receive a compact conceptual nudge.,200,CONCEPTUAL_HINT,true,UNKNOWN,True,1,2,7,43,logic block,1,
120,NO_POLICY,2,432008,308,longest-substring,Longest Substring Without Repeating Characters,medium,sliding window invariant,6,local_completion,locally_complete,NO_FEEDBACK,Locally complete state should not be interrupted.,200,CONCEPTUAL_HINT,false,UNKNOWN,True,3,0,14,71,logic block,1,
121,NO_POLICY,2,432009,309,reverse-linked-list,Reverse Linked List,easy,pointer update order,1,syntax,missing_statement_ending,CODE_HIGHLIGHT,First syntax error should be localized before giving a concept explanation.,200,CONCEPTUAL_HINT,false,SYNTAX_ERROR,False,0,0,4,57,statement ending,1,
122,NO_POLICY,2,432009,309,reverse-linked-list,Reverse Linked List,easy,pointer update order,2,planning,unfinished_implementation,GUIDING_QUESTION,Unfinished code should prompt the student to state the next step.,200,CONCEPTUAL_HINT,false,STUCK_NO_PROGRESS,True,0,3,8,42,unfinished implementation,2,
123,NO_POLICY,2,432009,309,reverse-linked-list,Reverse Linked List,easy,pointer update order,3,first_conceptual_error,wrong_condition_first,CONCEPTUAL_HINT,First substantial mistake should receive the least sufficient intervention.,200,CONCEPTUAL_HINT,true,WRONG_CONDITION,True,1,2,7,44,while condition,1,
124,NO_POLICY,2,432009,309,reverse-linked-list,Reverse Linked List,easy,pointer update order,4,repeated_conceptual_error,wrong_condition_repeat,CONCEPTUAL_HINT,Repeated mistake should move from location cue to conceptual support.,200,CONCEPTUAL_HINT,true,WRONG_CONDITION,True,1,2,7,26,while condition,1,
125,NO_POLICY,2,432009,309,reverse-linked-list,Reverse Linked List,easy,pointer update order,5,partial_logic,partial_but_compiling,CONCEPTUAL_HINT,Compiling but incomplete logic should receive a compact conceptual nudge.,200,CONCEPTUAL_HINT,true,UNKNOWN,True,1,2,7,51,logic block,1,
126,NO_POLICY,2,432009,309,reverse-linked-list,Reverse Linked List,easy,pointer update order,6,local_completion,locally_complete,NO_FEEDBACK,Locally complete state should not be interrupted.,200,CONCEPTUAL_HINT,false,UNKNOWN,True,3,0,7,56,logic block,1,
127,NO_POLICY,2,432010,310,matrix-diagonal-sum,Matrix Diagonal Sum,easy,nested indexing and double counting,1,syntax,missing_statement_ending,CODE_HIGHLIGHT,First syntax error should be localized before giving a concept explanation.,200,CONCEPTUAL_HINT,false,SYNTAX_ERROR,False,0,0,4,31,statement ending,1,
128,NO_POLICY,2,432010,310,matrix-diagonal-sum,Matrix Diagonal Sum,easy,nested indexing and double counting,2,planning,unfinished_implementation,GUIDING_QUESTION,Unfinished code should prompt the student to state the next step.,200,CONCEPTUAL_HINT,false,STUCK_NO_PROGRESS,True,0,3,9,63,unfinished implementation,2,
129,NO_POLICY,2,432010,310,matrix-diagonal-sum,Matrix Diagonal Sum,easy,nested indexing and double counting,3,first_conceptual_error,off_by_one_first,CODE_HIGHLIGHT,First substantial mistake should receive the least sufficient intervention.,200,CONCEPTUAL_HINT,false,OFF_BY_ONE,True,1,2,7,54,for loop condition,1,
130,NO_POLICY,2,432010,310,matrix-diagonal-sum,Matrix Diagonal Sum,easy,nested indexing and double counting,4,repeated_conceptual_error,off_by_one_repeat,CONCEPTUAL_HINT,Repeated mistake should move from location cue to conceptual support.,200,CONCEPTUAL_HINT,true,OFF_BY_ONE,True,1,2,7,43,for loop condition,1,
131,NO_POLICY,2,432010,310,matrix-diagonal-sum,Matrix Diagonal Sum,easy,nested indexing and double counting,5,partial_logic,partial_but_compiling,CONCEPTUAL_HINT,Compiling but incomplete logic should receive a compact conceptual nudge.,200,CONCEPTUAL_HINT,true,UNKNOWN,True,1,2,7,47,logic block,1,
132,NO_POLICY,2,432010,310,matrix-diagonal-sum,Matrix Diagonal Sum,easy,nested indexing and double counting,6,local_completion,locally_complete,NO_FEEDBACK,Locally complete state should not be interrupted.,200,CONCEPTUAL_HINT,false,UNKNOWN,True,3,0,9,32,logic block,1,
133,NO_POLICY,2,432011,311,roman-to-integer,Roman to Integer,easy,lookahead condition,1,syntax,missing_statement_ending,CODE_HIGHLIGHT,First syntax error should be localized before giving a concept explanation.,200,CONCEPTUAL_HINT,false,SYNTAX_ERROR,False,0,0,3,41,statement ending,1,
134,NO_POLICY,2,432011,311,roman-to-integer,Roman to Integer,easy,lookahead condition,2,planning,unfinished_implementation,GUIDING_QUESTION,Unfinished code should prompt the student to state the next step.,200,CONCEPTUAL_HINT,false,STUCK_NO_PROGRESS,True,0,3,7,48,unfinished implementation,2,
135,NO_POLICY,2,432011,311,roman-to-integer,Roman to Integer,easy,lookahead condition,3,first_conceptual_error,off_by_one_first,CODE_HIGHLIGHT,First substantial mistake should receive the least sufficient intervention.,200,CONCEPTUAL_HINT,false,OFF_BY_ONE,True,1,2,7,45,for loop condition,1,
136,NO_POLICY,2,432011,311,roman-to-integer,Roman to Integer,easy,lookahead condition,4,repeated_conceptual_error,off_by_one_repeat,CONCEPTUAL_HINT,Repeated mistake should move from location cue to conceptual support.,200,CONCEPTUAL_HINT,true,OFF_BY_ONE,True,1,2,7,48,for loop condition,1,
137,NO_POLICY,2,432011,311,roman-to-integer,Roman to Integer,easy,lookahead condition,5,partial_logic,partial_but_compiling,CONCEPTUAL_HINT,Compiling but incomplete logic should receive a compact conceptual nudge.,200,CONCEPTUAL_HINT,true,UNKNOWN,True,1,2,7,43,logic block,1,
138,NO_POLICY,2,432011,311,roman-to-integer,Roman to Integer,easy,lookahead condition,6,local_completion,locally_complete,NO_FEEDBACK,Locally complete state should not be interrupted.,200,CONCEPTUAL_HINT,false,UNKNOWN,True,3,0,7,47,logic block,1,
139,NO_POLICY,2,432012,312,climbing-stairs,Climbing Stairs,easy,base cases and recurrence,1,syntax,missing_statement_ending,CODE_HIGHLIGHT,First syntax error should be localized before giving a concept explanation.,200,CONCEPTUAL_HINT,false,SYNTAX_ERROR,False,0,0,3,45,statement ending,1,
140,NO_POLICY,2,432012,312,climbing-stairs,Climbing Stairs,easy,base cases and recurrence,2,planning,unfinished_implementation,GUIDING_QUESTION,Unfinished code should prompt the student to state the next step.,200,CONCEPTUAL_HINT,false,STUCK_NO_PROGRESS,True,0,3,8,48,unfinished implementation,2,
141,NO_POLICY,2,432012,312,climbing-stairs,Climbing Stairs,easy,base cases and recurrence,3,first_conceptual_error,wrong_condition_first,CONCEPTUAL_HINT,First substantial mistake should receive the least sufficient intervention.,200,CONCEPTUAL_HINT,true,WRONG_CONDITION,True,1,2,7,48,while condition,1,
142,NO_POLICY,2,432012,312,climbing-stairs,Climbing Stairs,easy,base cases and recurrence,4,repeated_conceptual_error,wrong_condition_repeat,CONCEPTUAL_HINT,Repeated mistake should move from location cue to conceptual support.,200,CONCEPTUAL_HINT,true,WRONG_CONDITION,True,1,2,7,43,while condition,1,
143,NO_POLICY,2,432012,312,climbing-stairs,Climbing Stairs,easy,base cases and recurrence,5,partial_logic,partial_but_compiling,CONCEPTUAL_HINT,Compiling but incomplete logic should receive a compact conceptual nudge.,200,CONCEPTUAL_HINT,true,UNKNOWN,True,1,2,14,53,logic block,1,
144,NO_POLICY,2,432012,312,climbing-stairs,Climbing Stairs,easy,base cases and recurrence,6,local_completion,locally_complete,NO_FEEDBACK,Locally complete state should not be interrupted.,200,CONCEPTUAL_HINT,false,OFF_BY_ONE,True,1,2,7,26,for loop condition,1,
145,NO_POLICY,3,433001,301,palindrome,Valid Palindrome,easy,two pointers and string normalization,1,syntax,missing_statement_ending,CODE_HIGHLIGHT,First syntax error should be localized before giving a concept explanation.,200,CONCEPTUAL_HINT,false,SYNTAX_ERROR,False,0,0,4,45,statement ending,1,
146,NO_POLICY,3,433001,301,palindrome,Valid Palindrome,easy,two pointers and string normalization,2,planning,unfinished_implementation,GUIDING_QUESTION,Unfinished code should prompt the student to state the next step.,200,CONCEPTUAL_HINT,false,STUCK_NO_PROGRESS,True,0,3,6,26,unfinished implementation,2,
147,NO_POLICY,3,433001,301,palindrome,Valid Palindrome,easy,two pointers and string normalization,3,first_conceptual_error,possible_null_access_first,CODE_HIGHLIGHT,First substantial mistake should receive the least sufficient intervention.,200,CONCEPTUAL_HINT,false,POSSIBLE_NULL_ACCESS,True,3,0,10,60,missing null or empty guard,1,
148,NO_POLICY,3,433001,301,palindrome,Valid Palindrome,easy,two pointers and string normalization,4,repeated_conceptual_error,possible_null_access_repeat,CONCEPTUAL_HINT,Repeated mistake should move from location cue to conceptual support.,200,CONCEPTUAL_HINT,true,POSSIBLE_NULL_ACCESS,True,3,0,8,39,missing null or empty guard,1,
149,NO_POLICY,3,433001,301,palindrome,Valid Palindrome,easy,two pointers and string normalization,5,partial_logic,partial_but_compiling,CONCEPTUAL_HINT,Compiling but incomplete logic should receive a compact conceptual nudge.,200,CONCEPTUAL_HINT,true,UNKNOWN,True,1,2,7,26,logic block,1,
150,NO_POLICY,3,433001,301,palindrome,Valid Palindrome,easy,two pointers and string normalization,6,local_completion,locally_complete,NO_FEEDBACK,Locally complete state should not be interrupted.,200,CONCEPTUAL_HINT,false,WRONG_CONDITION,True,1,2,7,55,while condition,1,
151,NO_POLICY,3,433002,302,two-sum,Two Sum,easy,hash map lookup and pair search,1,syntax,missing_statement_ending,CODE_HIGHLIGHT,First syntax error should be localized before giving a concept explanation.,200,CONCEPTUAL_HINT,false,SYNTAX_ERROR,False,0,0,3,42,statement ending,1,
152,NO_POLICY,3,433002,302,two-sum,Two Sum,easy,hash map lookup and pair search,2,planning,unfinished_implementation,GUIDING_QUESTION,Unfinished code should prompt the student to state the next step.,200,CONCEPTUAL_HINT,false,STUCK_NO_PROGRESS,True,0,3,7,46,unfinished implementation,2,
153,NO_POLICY,3,433002,302,two-sum,Two Sum,easy,hash map lookup and pair search,3,first_conceptual_error,off_by_one_first,CODE_HIGHLIGHT,First substantial mistake should receive the least sufficient intervention.,200,CONCEPTUAL_HINT,false,OFF_BY_ONE,True,1,2,8,48,for loop condition,1,
154,NO_POLICY,3,433002,302,two-sum,Two Sum,easy,hash map lookup and pair search,4,repeated_conceptual_error,off_by_one_repeat,CONCEPTUAL_HINT,Repeated mistake should move from location cue to conceptual support.,200,CONCEPTUAL_HINT,true,OFF_BY_ONE,True,1,2,9,48,for loop condition,1,
155,NO_POLICY,3,433002,302,two-sum,Two Sum,easy,hash map lookup and pair search,5,partial_logic,partial_but_compiling,CONCEPTUAL_HINT,Compiling but incomplete logic should receive a compact conceptual nudge.,200,CONCEPTUAL_HINT,true,UNKNOWN,True,1,2,8,27,logic block,1,
156,NO_POLICY,3,433002,302,two-sum,Two Sum,easy,hash map lookup and pair search,6,local_completion,locally_complete,NO_FEEDBACK,Locally complete state should not be interrupted.,200,CONCEPTUAL_HINT,false,UNKNOWN,True,3,0,7,50,logic block,1,
157,NO_POLICY,3,433003,303,valid-parentheses,Valid Parentheses,easy,stack state and matching brackets,1,syntax,missing_statement_ending,CODE_HIGHLIGHT,First syntax error should be localized before giving a concept explanation.,200,CONCEPTUAL_HINT,false,SYNTAX_ERROR,False,0,0,3,42,statement ending,1,
158,NO_POLICY,3,433003,303,valid-parentheses,Valid Parentheses,easy,stack state and matching brackets,2,planning,unfinished_implementation,GUIDING_QUESTION,Unfinished code should prompt the student to state the next step.,200,CONCEPTUAL_HINT,false,STUCK_NO_PROGRESS,True,0,3,7,49,unfinished implementation,2,
159,NO_POLICY,3,433003,303,valid-parentheses,Valid Parentheses,easy,stack state and matching brackets,3,first_conceptual_error,possible_null_access_first,CODE_HIGHLIGHT,First substantial mistake should receive the least sufficient intervention.,200,CONCEPTUAL_HINT,false,UNKNOWN,True,3,0,7,46,logic block,1,
160,NO_POLICY,3,433003,303,valid-parentheses,Valid Parentheses,easy,stack state and matching brackets,4,repeated_conceptual_error,possible_null_access_repeat,CONCEPTUAL_HINT,Repeated mistake should move from location cue to conceptual support.,200,CONCEPTUAL_HINT,true,UNKNOWN,True,3,0,7,46,logic block,1,
161,NO_POLICY,3,433003,303,valid-parentheses,Valid Parentheses,easy,stack state and matching brackets,5,partial_logic,partial_but_compiling,CONCEPTUAL_HINT,Compiling but incomplete logic should receive a compact conceptual nudge.,200,CONCEPTUAL_HINT,true,UNKNOWN,True,1,2,6,46,logic block,1,
162,NO_POLICY,3,433003,303,valid-parentheses,Valid Parentheses,easy,stack state and matching brackets,6,local_completion,locally_complete,NO_FEEDBACK,Locally complete state should not be interrupted.,200,CONCEPTUAL_HINT,false,UNKNOWN,True,3,0,6,46,logic block,1,
163,NO_POLICY,3,433004,304,binary-search,Binary Search,easy,search interval invariant,1,syntax,missing_statement_ending,CODE_HIGHLIGHT,First syntax error should be localized before giving a concept explanation.,200,CONCEPTUAL_HINT,false,SYNTAX_ERROR,False,0,0,4,46,statement ending,1,
164,NO_POLICY,3,433004,304,binary-search,Binary Search,easy,search interval invariant,2,planning,unfinished_implementation,GUIDING_QUESTION,Unfinished code should prompt the student to state the next step.,200,CONCEPTUAL_HINT,false,STUCK_NO_PROGRESS,True,0,3,6,49,unfinished implementation,2,
165,NO_POLICY,3,433004,304,binary-search,Binary Search,easy,search interval invariant,3,first_conceptual_error,wrong_loop_boundary_first,CODE_HIGHLIGHT,First substantial mistake should receive the least sufficient intervention.,200,CONCEPTUAL_HINT,false,WRONG_LOOP_BOUNDARY,True,1,2,16,52,binary search loop boundary,1,
166,NO_POLICY,3,433004,304,binary-search,Binary Search,easy,search interval invariant,4,repeated_conceptual_error,wrong_loop_boundary_repeat,CONCEPTUAL_HINT,Repeated mistake should move from location cue to conceptual support.,200,CONCEPTUAL_HINT,true,WRONG_LOOP_BOUNDARY,True,1,2,10,41,binary search loop boundary,1,
167,NO_POLICY,3,433004,304,binary-search,Binary Search,easy,search interval invariant,5,partial_logic,partial_but_compiling,CONCEPTUAL_HINT,Compiling but incomplete logic should receive a compact conceptual nudge.,200,CONCEPTUAL_HINT,true,UNKNOWN,True,1,2,7,44,logic block,1,
168,NO_POLICY,3,433004,304,binary-search,Binary Search,easy,search interval invariant,6,local_completion,locally_complete,NO_FEEDBACK,Locally complete state should not be interrupted.,200,CONCEPTUAL_HINT,false,UNKNOWN,True,3,0,8,50,logic block,1,
169,NO_POLICY,3,433005,305,merge-sorted-array,Merge Sorted Array,easy,array index management,1,syntax,missing_statement_ending,CODE_HIGHLIGHT,First syntax error should be localized before giving a concept explanation.,200,CONCEPTUAL_HINT,false,SYNTAX_ERROR,False,0,0,3,25,statement ending,1,
170,NO_POLICY,3,433005,305,merge-sorted-array,Merge Sorted Array,easy,array index management,2,planning,unfinished_implementation,GUIDING_QUESTION,Unfinished code should prompt the student to state the next step.,200,CONCEPTUAL_HINT,false,STUCK_NO_PROGRESS,True,0,3,7,48,unfinished implementation,2,
171,NO_POLICY,3,433005,305,merge-sorted-array,Merge Sorted Array,easy,array index management,3,first_conceptual_error,off_by_one_first,CODE_HIGHLIGHT,First substantial mistake should receive the least sufficient intervention.,200,CONCEPTUAL_HINT,false,OFF_BY_ONE,True,1,2,7,48,for loop condition,1,
172,NO_POLICY,3,433005,305,merge-sorted-array,Merge Sorted Array,easy,array index management,4,repeated_conceptual_error,off_by_one_repeat,CONCEPTUAL_HINT,Repeated mistake should move from location cue to conceptual support.,200,CONCEPTUAL_HINT,true,OFF_BY_ONE,True,1,2,6,47,for loop condition,1,
173,NO_POLICY,3,433005,305,merge-sorted-array,Merge Sorted Array,easy,array index management,5,partial_logic,partial_but_compiling,CONCEPTUAL_HINT,Compiling but incomplete logic should receive a compact conceptual nudge.,200,CONCEPTUAL_HINT,true,UNKNOWN,True,1,2,7,46,logic block,1,
174,NO_POLICY,3,433005,305,merge-sorted-array,Merge Sorted Array,easy,array index management,6,local_completion,locally_complete,NO_FEEDBACK,Locally complete state should not be interrupted.,200,CONCEPTUAL_HINT,false,UNKNOWN,True,3,0,7,46,logic block,1,
175,NO_POLICY,3,433006,306,trapping-rain-water,Trapping Rain Water,hard,two pointers and running maxima,1,syntax,missing_statement_ending,CODE_HIGHLIGHT,First syntax error should be localized before giving a concept explanation.,200,CONCEPTUAL_HINT,false,SYNTAX_ERROR,False,0,0,3,43,statement ending,1,
176,NO_POLICY,3,433006,306,trapping-rain-water,Trapping Rain Water,hard,two pointers and running maxima,2,planning,unfinished_implementation,GUIDING_QUESTION,Unfinished code should prompt the student to state the next step.,200,CONCEPTUAL_HINT,false,STUCK_NO_PROGRESS,True,0,3,6,47,unfinished implementation,2,
177,NO_POLICY,3,433006,306,trapping-rain-water,Trapping Rain Water,hard,two pointers and running maxima,3,first_conceptual_error,wrong_condition_first,CONCEPTUAL_HINT,First substantial mistake should receive the least sufficient intervention.,200,CONCEPTUAL_HINT,true,WRONG_CONDITION,True,1,2,10,50,while condition,1,
178,NO_POLICY,3,433006,306,trapping-rain-water,Trapping Rain Water,hard,two pointers and running maxima,4,repeated_conceptual_error,wrong_condition_repeat,CONCEPTUAL_HINT,Repeated mistake should move from location cue to conceptual support.,200,CONCEPTUAL_HINT,true,WRONG_CONDITION,True,1,2,8,43,while condition,1,
179,NO_POLICY,3,433006,306,trapping-rain-water,Trapping Rain Water,hard,two pointers and running maxima,5,partial_logic,partial_but_compiling,CONCEPTUAL_HINT,Compiling but incomplete logic should receive a compact conceptual nudge.,200,CONCEPTUAL_HINT,true,UNKNOWN,True,1,2,7,45,logic block,1,
180,NO_POLICY,3,433006,306,trapping-rain-water,Trapping Rain Water,hard,two pointers and running maxima,6,local_completion,locally_complete,NO_FEEDBACK,Locally complete state should not be interrupted.,200,CONCEPTUAL_HINT,false,UNKNOWN,True,1,2,7,45,logic block,1,
181,NO_POLICY,3,433007,307,lru-cache,LRU Cache,medium,state update and eviction policy,1,syntax,missing_statement_ending,CODE_HIGHLIGHT,First syntax error should be localized before giving a concept explanation.,200,CONCEPTUAL_HINT,false,SYNTAX_ERROR,False,0,0,3,46,statement ending,1,
182,NO_POLICY,3,433007,307,lru-cache,LRU Cache,medium,state update and eviction policy,2,planning,unfinished_implementation,GUIDING_QUESTION,Unfinished code should prompt the student to state the next step.,200,CONCEPTUAL_HINT,false,STUCK_NO_PROGRESS,True,0,3,6,50,unfinished implementation,2,
183,NO_POLICY,3,433007,307,lru-cache,LRU Cache,medium,state update and eviction policy,3,first_conceptual_error,unknown_logic_first,CONCEPTUAL_HINT,First substantial mistake should receive the least sufficient intervention.,200,CONCEPTUAL_HINT,true,UNKNOWN,True,3,0,8,46,logic block,1,
184,NO_POLICY,3,433007,307,lru-cache,LRU Cache,medium,state update and eviction policy,4,repeated_conceptual_error,unknown_logic_repeat,CONCEPTUAL_HINT,Repeated mistake should move from location cue to conceptual support.,200,CONCEPTUAL_HINT,true,UNKNOWN,True,3,0,6,42,logic block,1,
185,NO_POLICY,3,433007,307,lru-cache,LRU Cache,medium,state update and eviction policy,5,partial_logic,partial_but_compiling,CONCEPTUAL_HINT,Compiling but incomplete logic should receive a compact conceptual nudge.,200,CONCEPTUAL_HINT,true,UNKNOWN,True,1,2,7,46,logic block,1,
186,NO_POLICY,3,433007,307,lru-cache,LRU Cache,medium,state update and eviction policy,6,local_completion,locally_complete,NO_FEEDBACK,Locally complete state should not be interrupted.,200,CONCEPTUAL_HINT,false,UNKNOWN,True,3,0,6,47,logic block,1,
187,NO_POLICY,3,433008,308,longest-substring,Longest Substring Without Repeating Characters,medium,sliding window invariant,1,syntax,missing_statement_ending,CODE_HIGHLIGHT,First syntax error should be localized before giving a concept explanation.,200,CONCEPTUAL_HINT,false,SYNTAX_ERROR,False,0,0,12,64,statement ending,1,
188,NO_POLICY,3,433008,308,longest-substring,Longest Substring Without Repeating Characters,medium,sliding window invariant,2,planning,unfinished_implementation,GUIDING_QUESTION,Unfinished code should prompt the student to state the next step.,200,CONCEPTUAL_HINT,false,STUCK_NO_PROGRESS,True,0,3,10,53,unfinished implementation,2,
189,NO_POLICY,3,433008,308,longest-substring,Longest Substring Without Repeating Characters,medium,sliding window invariant,3,first_conceptual_error,off_by_one_first,CODE_HIGHLIGHT,First substantial mistake should receive the least sufficient intervention.,200,CONCEPTUAL_HINT,false,OFF_BY_ONE,True,1,2,7,36,for loop condition,1,
190,NO_POLICY,3,433008,308,longest-substring,Longest Substring Without Repeating Characters,medium,sliding window invariant,4,repeated_conceptual_error,off_by_one_repeat,CONCEPTUAL_HINT,Repeated mistake should move from location cue to conceptual support.,200,CONCEPTUAL_HINT,true,OFF_BY_ONE,True,1,2,7,26,for loop condition,1,
191,NO_POLICY,3,433008,308,longest-substring,Longest Substring Without Repeating Characters,medium,sliding window invariant,5,partial_logic,partial_but_compiling,CONCEPTUAL_HINT,Compiling but incomplete logic should receive a compact conceptual nudge.,200,CONCEPTUAL_HINT,true,UNKNOWN,True,1,2,7,52,logic block,1,
192,NO_POLICY,3,433008,308,longest-substring,Longest Substring Without Repeating Characters,medium,sliding window invariant,6,local_completion,locally_complete,NO_FEEDBACK,Locally complete state should not be interrupted.,200,CONCEPTUAL_HINT,false,UNKNOWN,True,3,0,11,50,logic block,1,
193,NO_POLICY,3,433009,309,reverse-linked-list,Reverse Linked List,easy,pointer update order,1,syntax,missing_statement_ending,CODE_HIGHLIGHT,First syntax error should be localized before giving a concept explanation.,200,CONCEPTUAL_HINT,false,SYNTAX_ERROR,False,0,0,3,39,statement ending,1,
194,NO_POLICY,3,433009,309,reverse-linked-list,Reverse Linked List,easy,pointer update order,2,planning,unfinished_implementation,GUIDING_QUESTION,Unfinished code should prompt the student to state the next step.,200,CONCEPTUAL_HINT,false,STUCK_NO_PROGRESS,True,0,3,7,46,unfinished implementation,2,
195,NO_POLICY,3,433009,309,reverse-linked-list,Reverse Linked List,easy,pointer update order,3,first_conceptual_error,wrong_condition_first,CONCEPTUAL_HINT,First substantial mistake should receive the least sufficient intervention.,200,CONCEPTUAL_HINT,true,WRONG_CONDITION,True,1,2,6,46,while condition,1,
196,NO_POLICY,3,433009,309,reverse-linked-list,Reverse Linked List,easy,pointer update order,4,repeated_conceptual_error,wrong_condition_repeat,CONCEPTUAL_HINT,Repeated mistake should move from location cue to conceptual support.,200,CONCEPTUAL_HINT,true,WRONG_CONDITION,True,1,2,7,45,while condition,1,
197,NO_POLICY,3,433009,309,reverse-linked-list,Reverse Linked List,easy,pointer update order,5,partial_logic,partial_but_compiling,CONCEPTUAL_HINT,Compiling but incomplete logic should receive a compact conceptual nudge.,200,CONCEPTUAL_HINT,true,UNKNOWN,True,1,2,7,49,logic block,1,
198,NO_POLICY,3,433009,309,reverse-linked-list,Reverse Linked List,easy,pointer update order,6,local_completion,locally_complete,NO_FEEDBACK,Locally complete state should not be interrupted.,200,CONCEPTUAL_HINT,false,UNKNOWN,True,3,0,6,44,logic block,1,
199,NO_POLICY,3,433010,310,matrix-diagonal-sum,Matrix Diagonal Sum,easy,nested indexing and double counting,1,syntax,missing_statement_ending,CODE_HIGHLIGHT,First syntax error should be localized before giving a concept explanation.,200,CONCEPTUAL_HINT,false,SYNTAX_ERROR,False,0,0,4,25,statement ending,1,
200,NO_POLICY,3,433010,310,matrix-diagonal-sum,Matrix Diagonal Sum,easy,nested indexing and double counting,2,planning,unfinished_implementation,GUIDING_QUESTION,Unfinished code should prompt the student to state the next step.,200,CONCEPTUAL_HINT,false,STUCK_NO_PROGRESS,True,0,3,6,35,unfinished implementation,2,
201,NO_POLICY,3,433010,310,matrix-diagonal-sum,Matrix Diagonal Sum,easy,nested indexing and double counting,3,first_conceptual_error,off_by_one_first,CODE_HIGHLIGHT,First substantial mistake should receive the least sufficient intervention.,200,CONCEPTUAL_HINT,false,OFF_BY_ONE,True,1,2,7,48,for loop condition,1,
202,NO_POLICY,3,433010,310,matrix-diagonal-sum,Matrix Diagonal Sum,easy,nested indexing and double counting,4,repeated_conceptual_error,off_by_one_repeat,CONCEPTUAL_HINT,Repeated mistake should move from location cue to conceptual support.,200,CONCEPTUAL_HINT,true,OFF_BY_ONE,True,1,2,7,46,for loop condition,1,
203,NO_POLICY,3,433010,310,matrix-diagonal-sum,Matrix Diagonal Sum,easy,nested indexing and double counting,5,partial_logic,partial_but_compiling,CONCEPTUAL_HINT,Compiling but incomplete logic should receive a compact conceptual nudge.,200,CONCEPTUAL_HINT,true,UNKNOWN,True,1,2,7,45,logic block,1,
204,NO_POLICY,3,433010,310,matrix-diagonal-sum,Matrix Diagonal Sum,easy,nested indexing and double counting,6,local_completion,locally_complete,NO_FEEDBACK,Locally complete state should not be interrupted.,200,CONCEPTUAL_HINT,false,UNKNOWN,True,3,0,6,25,logic block,1,
205,NO_POLICY,3,433011,311,roman-to-integer,Roman to Integer,easy,lookahead condition,1,syntax,missing_statement_ending,CODE_HIGHLIGHT,First syntax error should be localized before giving a concept explanation.,200,CONCEPTUAL_HINT,false,SYNTAX_ERROR,False,0,0,3,34,statement ending,1,
206,NO_POLICY,3,433011,311,roman-to-integer,Roman to Integer,easy,lookahead condition,2,planning,unfinished_implementation,GUIDING_QUESTION,Unfinished code should prompt the student to state the next step.,200,CONCEPTUAL_HINT,false,STUCK_NO_PROGRESS,True,0,3,6,51,unfinished implementation,2,
207,NO_POLICY,3,433011,311,roman-to-integer,Roman to Integer,easy,lookahead condition,3,first_conceptual_error,off_by_one_first,CODE_HIGHLIGHT,First substantial mistake should receive the least sufficient intervention.,200,CONCEPTUAL_HINT,false,OFF_BY_ONE,True,1,2,7,45,for loop condition,1,
208,NO_POLICY,3,433011,311,roman-to-integer,Roman to Integer,easy,lookahead condition,4,repeated_conceptual_error,off_by_one_repeat,CONCEPTUAL_HINT,Repeated mistake should move from location cue to conceptual support.,200,CONCEPTUAL_HINT,true,OFF_BY_ONE,True,1,2,7,46,for loop condition,1,
209,NO_POLICY,3,433011,311,roman-to-integer,Roman to Integer,easy,lookahead condition,5,partial_logic,partial_but_compiling,CONCEPTUAL_HINT,Compiling but incomplete logic should receive a compact conceptual nudge.,200,CONCEPTUAL_HINT,true,UNKNOWN,True,1,2,9,48,logic block,1,
210,NO_POLICY,3,433011,311,roman-to-integer,Roman to Integer,easy,lookahead condition,6,local_completion,locally_complete,NO_FEEDBACK,Locally complete state should not be interrupted.,200,CONCEPTUAL_HINT,false,UNKNOWN,True,3,0,15,54,logic block,1,
211,NO_POLICY,3,433012,312,climbing-stairs,Climbing Stairs,easy,base cases and recurrence,1,syntax,missing_statement_ending,CODE_HIGHLIGHT,First syntax error should be localized before giving a concept explanation.,200,CONCEPTUAL_HINT,false,SYNTAX_ERROR,False,0,0,3,36,statement ending,1,
212,NO_POLICY,3,433012,312,climbing-stairs,Climbing Stairs,easy,base cases and recurrence,2,planning,unfinished_implementation,GUIDING_QUESTION,Unfinished code should prompt the student to state the next step.,200,CONCEPTUAL_HINT,false,STUCK_NO_PROGRESS,True,0,3,6,49,unfinished implementation,2,
213,NO_POLICY,3,433012,312,climbing-stairs,Climbing Stairs,easy,base cases and recurrence,3,first_conceptual_error,wrong_condition_first,CONCEPTUAL_HINT,First substantial mistake should receive the least sufficient intervention.,200,CONCEPTUAL_HINT,true,WRONG_CONDITION,True,1,2,8,45,while condition,1,
214,NO_POLICY,3,433012,312,climbing-stairs,Climbing Stairs,easy,base cases and recurrence,4,repeated_conceptual_error,wrong_condition_repeat,CONCEPTUAL_HINT,Repeated mistake should move from location cue to conceptual support.,200,CONCEPTUAL_HINT,true,WRONG_CONDITION,True,1,2,6,46,while condition,1,
215,NO_POLICY,3,433012,312,climbing-stairs,Climbing Stairs,easy,base cases and recurrence,5,partial_logic,partial_but_compiling,CONCEPTUAL_HINT,Compiling but incomplete logic should receive a compact conceptual nudge.,200,CONCEPTUAL_HINT,true,UNKNOWN,True,1,2,7,44,logic block,1,
216,NO_POLICY,3,433012,312,climbing-stairs,Climbing Stairs,easy,base cases and recurrence,6,local_completion,locally_complete,NO_FEEDBACK,Locally complete state should not be interrupted.,200,CONCEPTUAL_HINT,false,OFF_BY_ONE,True,1,2,7,45,for loop condition,1,
217,NO_POLICY,4,434001,301,palindrome,Valid Palindrome,easy,two pointers and string normalization,1,syntax,missing_statement_ending,CODE_HIGHLIGHT,First syntax error should be localized before giving a concept explanation.,200,CONCEPTUAL_HINT,false,SYNTAX_ERROR,False,0,0,4,48,statement ending,1,
218,NO_POLICY,4,434001,301,palindrome,Valid Palindrome,easy,two pointers and string normalization,2,planning,unfinished_implementation,GUIDING_QUESTION,Unfinished code should prompt the student to state the next step.,200,CONCEPTUAL_HINT,false,STUCK_NO_PROGRESS,True,0,3,7,44,unfinished implementation,2,
219,NO_POLICY,4,434001,301,palindrome,Valid Palindrome,easy,two pointers and string normalization,3,first_conceptual_error,possible_null_access_first,CODE_HIGHLIGHT,First substantial mistake should receive the least sufficient intervention.,200,CONCEPTUAL_HINT,false,POSSIBLE_NULL_ACCESS,True,3,0,9,49,missing null or empty guard,1,
220,NO_POLICY,4,434001,301,palindrome,Valid Palindrome,easy,two pointers and string normalization,4,repeated_conceptual_error,possible_null_access_repeat,CONCEPTUAL_HINT,Repeated mistake should move from location cue to conceptual support.,200,CONCEPTUAL_HINT,true,POSSIBLE_NULL_ACCESS,True,3,0,8,47,missing null or empty guard,1,
221,NO_POLICY,4,434001,301,palindrome,Valid Palindrome,easy,two pointers and string normalization,5,partial_logic,partial_but_compiling,CONCEPTUAL_HINT,Compiling but incomplete logic should receive a compact conceptual nudge.,200,CONCEPTUAL_HINT,true,UNKNOWN,True,1,2,5,25,logic block,1,
222,NO_POLICY,4,434001,301,palindrome,Valid Palindrome,easy,two pointers and string normalization,6,local_completion,locally_complete,NO_FEEDBACK,Locally complete state should not be interrupted.,200,CONCEPTUAL_HINT,false,WRONG_CONDITION,True,1,2,7,50,while condition,1,
223,NO_POLICY,4,434002,302,two-sum,Two Sum,easy,hash map lookup and pair search,1,syntax,missing_statement_ending,CODE_HIGHLIGHT,First syntax error should be localized before giving a concept explanation.,200,CONCEPTUAL_HINT,false,SYNTAX_ERROR,False,0,0,5,47,statement ending,1,
224,NO_POLICY,4,434002,302,two-sum,Two Sum,easy,hash map lookup and pair search,2,planning,unfinished_implementation,GUIDING_QUESTION,Unfinished code should prompt the student to state the next step.,200,CONCEPTUAL_HINT,false,STUCK_NO_PROGRESS,True,0,3,7,45,unfinished implementation,2,
225,NO_POLICY,4,434002,302,two-sum,Two Sum,easy,hash map lookup and pair search,3,first_conceptual_error,off_by_one_first,CODE_HIGHLIGHT,First substantial mistake should receive the least sufficient intervention.,200,CONCEPTUAL_HINT,false,OFF_BY_ONE,True,1,2,7,45,for loop condition,1,
226,NO_POLICY,4,434002,302,two-sum,Two Sum,easy,hash map lookup and pair search,4,repeated_conceptual_error,off_by_one_repeat,CONCEPTUAL_HINT,Repeated mistake should move from location cue to conceptual support.,200,CONCEPTUAL_HINT,true,OFF_BY_ONE,True,1,2,9,49,for loop condition,1,
227,NO_POLICY,4,434002,302,two-sum,Two Sum,easy,hash map lookup and pair search,5,partial_logic,partial_but_compiling,CONCEPTUAL_HINT,Compiling but incomplete logic should receive a compact conceptual nudge.,200,CONCEPTUAL_HINT,true,UNKNOWN,True,1,2,7,43,logic block,1,
228,NO_POLICY,4,434002,302,two-sum,Two Sum,easy,hash map lookup and pair search,6,local_completion,locally_complete,NO_FEEDBACK,Locally complete state should not be interrupted.,200,CONCEPTUAL_HINT,false,UNKNOWN,True,3,0,8,29,logic block,1,
229,NO_POLICY,4,434003,303,valid-parentheses,Valid Parentheses,easy,stack state and matching brackets,1,syntax,missing_statement_ending,CODE_HIGHLIGHT,First syntax error should be localized before giving a concept explanation.,200,CONCEPTUAL_HINT,false,SYNTAX_ERROR,False,0,0,5,47,statement ending,1,
230,NO_POLICY,4,434003,303,valid-parentheses,Valid Parentheses,easy,stack state and matching brackets,2,planning,unfinished_implementation,GUIDING_QUESTION,Unfinished code should prompt the student to state the next step.,200,CONCEPTUAL_HINT,false,STUCK_NO_PROGRESS,True,0,3,7,45,unfinished implementation,2,
231,NO_POLICY,4,434003,303,valid-parentheses,Valid Parentheses,easy,stack state and matching brackets,3,first_conceptual_error,possible_null_access_first,CODE_HIGHLIGHT,First substantial mistake should receive the least sufficient intervention.,200,CONCEPTUAL_HINT,false,UNKNOWN,True,3,0,16,57,logic block,1,
232,NO_POLICY,4,434003,303,valid-parentheses,Valid Parentheses,easy,stack state and matching brackets,4,repeated_conceptual_error,possible_null_access_repeat,CONCEPTUAL_HINT,Repeated mistake should move from location cue to conceptual support.,200,CONCEPTUAL_HINT,true,UNKNOWN,True,3,0,9,40,logic block,1,
233,NO_POLICY,4,434003,303,valid-parentheses,Valid Parentheses,easy,stack state and matching brackets,5,partial_logic,partial_but_compiling,CONCEPTUAL_HINT,Compiling but incomplete logic should receive a compact conceptual nudge.,200,CONCEPTUAL_HINT,true,UNKNOWN,True,1,2,7,43,logic block,1,
234,NO_POLICY,4,434003,303,valid-parentheses,Valid Parentheses,easy,stack state and matching brackets,6,local_completion,locally_complete,NO_FEEDBACK,Locally complete state should not be interrupted.,200,CONCEPTUAL_HINT,false,UNKNOWN,True,3,0,7,48,logic block,1,
235,NO_POLICY,4,434004,304,binary-search,Binary Search,easy,search interval invariant,1,syntax,missing_statement_ending,CODE_HIGHLIGHT,First syntax error should be localized before giving a concept explanation.,200,CONCEPTUAL_HINT,false,SYNTAX_ERROR,False,0,0,3,25,statement ending,1,
236,NO_POLICY,4,434004,304,binary-search,Binary Search,easy,search interval invariant,2,planning,unfinished_implementation,GUIDING_QUESTION,Unfinished code should prompt the student to state the next step.,200,CONCEPTUAL_HINT,false,STUCK_NO_PROGRESS,True,0,3,7,52,unfinished implementation,2,
237,NO_POLICY,4,434004,304,binary-search,Binary Search,easy,search interval invariant,3,first_conceptual_error,wrong_loop_boundary_first,CODE_HIGHLIGHT,First substantial mistake should receive the least sufficient intervention.,200,CONCEPTUAL_HINT,false,WRONG_LOOP_BOUNDARY,True,1,2,7,45,binary search loop boundary,1,
238,NO_POLICY,4,434004,304,binary-search,Binary Search,easy,search interval invariant,4,repeated_conceptual_error,wrong_loop_boundary_repeat,CONCEPTUAL_HINT,Repeated mistake should move from location cue to conceptual support.,200,CONCEPTUAL_HINT,true,WRONG_LOOP_BOUNDARY,True,1,2,6,45,binary search loop boundary,1,
239,NO_POLICY,4,434004,304,binary-search,Binary Search,easy,search interval invariant,5,partial_logic,partial_but_compiling,CONCEPTUAL_HINT,Compiling but incomplete logic should receive a compact conceptual nudge.,200,CONCEPTUAL_HINT,true,UNKNOWN,True,1,2,6,48,logic block,1,
240,NO_POLICY,4,434004,304,binary-search,Binary Search,easy,search interval invariant,6,local_completion,locally_complete,NO_FEEDBACK,Locally complete state should not be interrupted.,200,CONCEPTUAL_HINT,false,UNKNOWN,True,3,0,8,45,logic block,1,
241,NO_POLICY,4,434005,305,merge-sorted-array,Merge Sorted Array,easy,array index management,1,syntax,missing_statement_ending,CODE_HIGHLIGHT,First syntax error should be localized before giving a concept explanation.,200,CONCEPTUAL_HINT,false,SYNTAX_ERROR,False,0,0,3,45,statement ending,1,
242,NO_POLICY,4,434005,305,merge-sorted-array,Merge Sorted Array,easy,array index management,2,planning,unfinished_implementation,GUIDING_QUESTION,Unfinished code should prompt the student to state the next step.,200,CONCEPTUAL_HINT,false,STUCK_NO_PROGRESS,True,0,3,9,49,unfinished implementation,2,
243,NO_POLICY,4,434005,305,merge-sorted-array,Merge Sorted Array,easy,array index management,3,first_conceptual_error,off_by_one_first,CODE_HIGHLIGHT,First substantial mistake should receive the least sufficient intervention.,200,CONCEPTUAL_HINT,false,OFF_BY_ONE,True,1,2,6,46,for loop condition,1,
244,NO_POLICY,4,434005,305,merge-sorted-array,Merge Sorted Array,easy,array index management,4,repeated_conceptual_error,off_by_one_repeat,CONCEPTUAL_HINT,Repeated mistake should move from location cue to conceptual support.,200,CONCEPTUAL_HINT,true,OFF_BY_ONE,True,1,2,6,46,for loop condition,1,
245,NO_POLICY,4,434005,305,merge-sorted-array,Merge Sorted Array,easy,array index management,5,partial_logic,partial_but_compiling,CONCEPTUAL_HINT,Compiling but incomplete logic should receive a compact conceptual nudge.,200,CONCEPTUAL_HINT,true,UNKNOWN,True,1,2,7,48,logic block,1,
246,NO_POLICY,4,434005,305,merge-sorted-array,Merge Sorted Array,easy,array index management,6,local_completion,locally_complete,NO_FEEDBACK,Locally complete state should not be interrupted.,200,CONCEPTUAL_HINT,false,UNKNOWN,True,3,0,6,43,logic block,1,
247,NO_POLICY,4,434006,306,trapping-rain-water,Trapping Rain Water,hard,two pointers and running maxima,1,syntax,missing_statement_ending,CODE_HIGHLIGHT,First syntax error should be localized before giving a concept explanation.,200,CONCEPTUAL_HINT,false,SYNTAX_ERROR,False,0,0,4,22,statement ending,1,
248,NO_POLICY,4,434006,306,trapping-rain-water,Trapping Rain Water,hard,two pointers and running maxima,2,planning,unfinished_implementation,GUIDING_QUESTION,Unfinished code should prompt the student to state the next step.,200,CONCEPTUAL_HINT,false,STUCK_NO_PROGRESS,True,0,3,7,40,unfinished implementation,2,
249,NO_POLICY,4,434006,306,trapping-rain-water,Trapping Rain Water,hard,two pointers and running maxima,3,first_conceptual_error,wrong_condition_first,CONCEPTUAL_HINT,First substantial mistake should receive the least sufficient intervention.,200,CONCEPTUAL_HINT,true,WRONG_CONDITION,True,1,2,7,48,while condition,1,
250,NO_POLICY,4,434006,306,trapping-rain-water,Trapping Rain Water,hard,two pointers and running maxima,4,repeated_conceptual_error,wrong_condition_repeat,CONCEPTUAL_HINT,Repeated mistake should move from location cue to conceptual support.,200,CONCEPTUAL_HINT,true,WRONG_CONDITION,True,1,2,6,43,while condition,1,
251,NO_POLICY,4,434006,306,trapping-rain-water,Trapping Rain Water,hard,two pointers and running maxima,5,partial_logic,partial_but_compiling,CONCEPTUAL_HINT,Compiling but incomplete logic should receive a compact conceptual nudge.,200,CONCEPTUAL_HINT,true,UNKNOWN,True,1,2,6,26,logic block,1,
252,NO_POLICY,4,434006,306,trapping-rain-water,Trapping Rain Water,hard,two pointers and running maxima,6,local_completion,locally_complete,NO_FEEDBACK,Locally complete state should not be interrupted.,200,CONCEPTUAL_HINT,false,UNKNOWN,True,1,2,7,35,logic block,1,
253,NO_POLICY,4,434007,307,lru-cache,LRU Cache,medium,state update and eviction policy,1,syntax,missing_statement_ending,CODE_HIGHLIGHT,First syntax error should be localized before giving a concept explanation.,200,CONCEPTUAL_HINT,false,SYNTAX_ERROR,False,0,0,3,46,statement ending,1,
254,NO_POLICY,4,434007,307,lru-cache,LRU Cache,medium,state update and eviction policy,2,planning,unfinished_implementation,GUIDING_QUESTION,Unfinished code should prompt the student to state the next step.,200,CONCEPTUAL_HINT,false,STUCK_NO_PROGRESS,True,0,3,21,74,unfinished implementation,2,
255,NO_POLICY,4,434007,307,lru-cache,LRU Cache,medium,state update and eviction policy,3,first_conceptual_error,unknown_logic_first,CONCEPTUAL_HINT,First substantial mistake should receive the least sufficient intervention.,200,CONCEPTUAL_HINT,true,UNKNOWN,True,3,0,10,61,logic block,1,
256,NO_POLICY,4,434007,307,lru-cache,LRU Cache,medium,state update and eviction policy,4,repeated_conceptual_error,unknown_logic_repeat,CONCEPTUAL_HINT,Repeated mistake should move from location cue to conceptual support.,200,CONCEPTUAL_HINT,true,UNKNOWN,True,3,0,8,39,logic block,1,
257,NO_POLICY,4,434007,307,lru-cache,LRU Cache,medium,state update and eviction policy,5,partial_logic,partial_but_compiling,CONCEPTUAL_HINT,Compiling but incomplete logic should receive a compact conceptual nudge.,200,CONCEPTUAL_HINT,true,UNKNOWN,True,1,2,7,45,logic block,1,
258,NO_POLICY,4,434007,307,lru-cache,LRU Cache,medium,state update and eviction policy,6,local_completion,locally_complete,NO_FEEDBACK,Locally complete state should not be interrupted.,200,CONCEPTUAL_HINT,false,UNKNOWN,True,3,0,6,45,logic block,1,
259,NO_POLICY,4,434008,308,longest-substring,Longest Substring Without Repeating Characters,medium,sliding window invariant,1,syntax,missing_statement_ending,CODE_HIGHLIGHT,First syntax error should be localized before giving a concept explanation.,200,CONCEPTUAL_HINT,false,SYNTAX_ERROR,False,0,0,3,44,statement ending,1,
260,NO_POLICY,4,434008,308,longest-substring,Longest Substring Without Repeating Characters,medium,sliding window invariant,2,planning,unfinished_implementation,GUIDING_QUESTION,Unfinished code should prompt the student to state the next step.,200,CONCEPTUAL_HINT,false,STUCK_NO_PROGRESS,True,0,3,8,50,unfinished implementation,2,
261,NO_POLICY,4,434008,308,longest-substring,Longest Substring Without Repeating Characters,medium,sliding window invariant,3,first_conceptual_error,off_by_one_first,CODE_HIGHLIGHT,First substantial mistake should receive the least sufficient intervention.,200,CONCEPTUAL_HINT,false,OFF_BY_ONE,True,1,2,8,46,for loop condition,1,
262,NO_POLICY,4,434008,308,longest-substring,Longest Substring Without Repeating Characters,medium,sliding window invariant,4,repeated_conceptual_error,off_by_one_repeat,CONCEPTUAL_HINT,Repeated mistake should move from location cue to conceptual support.,200,CONCEPTUAL_HINT,true,OFF_BY_ONE,True,1,2,6,43,for loop condition,1,
263,NO_POLICY,4,434008,308,longest-substring,Longest Substring Without Repeating Characters,medium,sliding window invariant,5,partial_logic,partial_but_compiling,CONCEPTUAL_HINT,Compiling but incomplete logic should receive a compact conceptual nudge.,200,CONCEPTUAL_HINT,true,UNKNOWN,True,1,2,6,45,logic block,1,
264,NO_POLICY,4,434008,308,longest-substring,Longest Substring Without Repeating Characters,medium,sliding window invariant,6,local_completion,locally_complete,NO_FEEDBACK,Locally complete state should not be interrupted.,200,CONCEPTUAL_HINT,false,UNKNOWN,True,3,0,7,47,logic block,1,
265,NO_POLICY,4,434009,309,reverse-linked-list,Reverse Linked List,easy,pointer update order,1,syntax,missing_statement_ending,CODE_HIGHLIGHT,First syntax error should be localized before giving a concept explanation.,200,CONCEPTUAL_HINT,false,SYNTAX_ERROR,False,0,0,2,43,statement ending,1,
266,NO_POLICY,4,434009,309,reverse-linked-list,Reverse Linked List,easy,pointer update order,2,planning,unfinished_implementation,GUIDING_QUESTION,Unfinished code should prompt the student to state the next step.,200,CONCEPTUAL_HINT,false,STUCK_NO_PROGRESS,True,0,3,8,52,unfinished implementation,2,
267,NO_POLICY,4,434009,309,reverse-linked-list,Reverse Linked List,easy,pointer update order,3,first_conceptual_error,wrong_condition_first,CONCEPTUAL_HINT,First substantial mistake should receive the least sufficient intervention.,200,CONCEPTUAL_HINT,true,WRONG_CONDITION,True,1,2,6,42,while condition,1,
268,NO_POLICY,4,434009,309,reverse-linked-list,Reverse Linked List,easy,pointer update order,4,repeated_conceptual_error,wrong_condition_repeat,CONCEPTUAL_HINT,Repeated mistake should move from location cue to conceptual support.,200,CONCEPTUAL_HINT,true,WRONG_CONDITION,True,1,2,7,47,while condition,1,
269,NO_POLICY,4,434009,309,reverse-linked-list,Reverse Linked List,easy,pointer update order,5,partial_logic,partial_but_compiling,CONCEPTUAL_HINT,Compiling but incomplete logic should receive a compact conceptual nudge.,200,CONCEPTUAL_HINT,true,UNKNOWN,True,1,2,6,48,logic block,1,
270,NO_POLICY,4,434009,309,reverse-linked-list,Reverse Linked List,easy,pointer update order,6,local_completion,locally_complete,NO_FEEDBACK,Locally complete state should not be interrupted.,200,CONCEPTUAL_HINT,false,UNKNOWN,True,3,0,6,43,logic block,1,
271,NO_POLICY,4,434010,310,matrix-diagonal-sum,Matrix Diagonal Sum,easy,nested indexing and double counting,1,syntax,missing_statement_ending,CODE_HIGHLIGHT,First syntax error should be localized before giving a concept explanation.,200,CONCEPTUAL_HINT,false,SYNTAX_ERROR,False,0,0,3,46,statement ending,1,
272,NO_POLICY,4,434010,310,matrix-diagonal-sum,Matrix Diagonal Sum,easy,nested indexing and double counting,2,planning,unfinished_implementation,GUIDING_QUESTION,Unfinished code should prompt the student to state the next step.,200,CONCEPTUAL_HINT,false,STUCK_NO_PROGRESS,True,0,3,6,46,unfinished implementation,2,
273,NO_POLICY,4,434010,310,matrix-diagonal-sum,Matrix Diagonal Sum,easy,nested indexing and double counting,3,first_conceptual_error,off_by_one_first,CODE_HIGHLIGHT,First substantial mistake should receive the least sufficient intervention.,200,CONCEPTUAL_HINT,false,OFF_BY_ONE,True,1,2,5,46,for loop condition,1,
274,NO_POLICY,4,434010,310,matrix-diagonal-sum,Matrix Diagonal Sum,easy,nested indexing and double counting,4,repeated_conceptual_error,off_by_one_repeat,CONCEPTUAL_HINT,Repeated mistake should move from location cue to conceptual support.,200,CONCEPTUAL_HINT,true,OFF_BY_ONE,True,1,2,6,49,for loop condition,1,
275,NO_POLICY,4,434010,310,matrix-diagonal-sum,Matrix Diagonal Sum,easy,nested indexing and double counting,5,partial_logic,partial_but_compiling,CONCEPTUAL_HINT,Compiling but incomplete logic should receive a compact conceptual nudge.,200,CONCEPTUAL_HINT,true,UNKNOWN,True,1,2,8,47,logic block,1,
276,NO_POLICY,4,434010,310,matrix-diagonal-sum,Matrix Diagonal Sum,easy,nested indexing and double counting,6,local_completion,locally_complete,NO_FEEDBACK,Locally complete state should not be interrupted.,200,CONCEPTUAL_HINT,false,UNKNOWN,True,3,0,16,53,logic block,1,
277,NO_POLICY,4,434011,311,roman-to-integer,Roman to Integer,easy,lookahead condition,1,syntax,missing_statement_ending,CODE_HIGHLIGHT,First syntax error should be localized before giving a concept explanation.,200,CONCEPTUAL_HINT,false,SYNTAX_ERROR,False,0,0,4,35,statement ending,1,
278,NO_POLICY,4,434011,311,roman-to-integer,Roman to Integer,easy,lookahead condition,2,planning,unfinished_implementation,GUIDING_QUESTION,Unfinished code should prompt the student to state the next step.,200,CONCEPTUAL_HINT,false,STUCK_NO_PROGRESS,True,0,3,6,49,unfinished implementation,2,
279,NO_POLICY,4,434011,311,roman-to-integer,Roman to Integer,easy,lookahead condition,3,first_conceptual_error,off_by_one_first,CODE_HIGHLIGHT,First substantial mistake should receive the least sufficient intervention.,200,CONCEPTUAL_HINT,false,OFF_BY_ONE,True,1,2,5,45,for loop condition,1,
280,NO_POLICY,4,434011,311,roman-to-integer,Roman to Integer,easy,lookahead condition,4,repeated_conceptual_error,off_by_one_repeat,CONCEPTUAL_HINT,Repeated mistake should move from location cue to conceptual support.,200,CONCEPTUAL_HINT,true,OFF_BY_ONE,True,1,2,8,51,for loop condition,1,
281,NO_POLICY,4,434011,311,roman-to-integer,Roman to Integer,easy,lookahead condition,5,partial_logic,partial_but_compiling,CONCEPTUAL_HINT,Compiling but incomplete logic should receive a compact conceptual nudge.,200,CONCEPTUAL_HINT,true,UNKNOWN,True,1,2,6,42,logic block,1,
282,NO_POLICY,4,434011,311,roman-to-integer,Roman to Integer,easy,lookahead condition,6,local_completion,locally_complete,NO_FEEDBACK,Locally complete state should not be interrupted.,200,CONCEPTUAL_HINT,false,UNKNOWN,True,3,0,7,47,logic block,1,
283,NO_POLICY,4,434012,312,climbing-stairs,Climbing Stairs,easy,base cases and recurrence,1,syntax,missing_statement_ending,CODE_HIGHLIGHT,First syntax error should be localized before giving a concept explanation.,200,CONCEPTUAL_HINT,false,SYNTAX_ERROR,False,0,0,5,45,statement ending,1,
284,NO_POLICY,4,434012,312,climbing-stairs,Climbing Stairs,easy,base cases and recurrence,2,planning,unfinished_implementation,GUIDING_QUESTION,Unfinished code should prompt the student to state the next step.,200,CONCEPTUAL_HINT,false,STUCK_NO_PROGRESS,True,0,3,6,45,unfinished implementation,2,
285,NO_POLICY,4,434012,312,climbing-stairs,Climbing Stairs,easy,base cases and recurrence,3,first_conceptual_error,wrong_condition_first,CONCEPTUAL_HINT,First substantial mistake should receive the least sufficient intervention.,200,CONCEPTUAL_HINT,true,WRONG_CONDITION,True,1,2,6,46,while condition,1,
286,NO_POLICY,4,434012,312,climbing-stairs,Climbing Stairs,easy,base cases and recurrence,4,repeated_conceptual_error,wrong_condition_repeat,CONCEPTUAL_HINT,Repeated mistake should move from location cue to conceptual support.,200,CONCEPTUAL_HINT,true,WRONG_CONDITION,True,1,2,7,47,while condition,1,
287,NO_POLICY,4,434012,312,climbing-stairs,Climbing Stairs,easy,base cases and recurrence,5,partial_logic,partial_but_compiling,CONCEPTUAL_HINT,Compiling but incomplete logic should receive a compact conceptual nudge.,200,CONCEPTUAL_HINT,true,UNKNOWN,True,1,2,6,45,logic block,1,
288,NO_POLICY,4,434012,312,climbing-stairs,Climbing Stairs,easy,base cases and recurrence,6,local_completion,locally_complete,NO_FEEDBACK,Locally complete state should not be interrupted.,200,CONCEPTUAL_HINT,false,OFF_BY_ONE,True,1,2,6,49,for loop condition,1,
