event_index,mode,problem_slug,difficulty,stage,expected_action,system_action,agreement,wall_latency_ms
1,RULE,palindrome,easy,syntax,CODE_HIGHLIGHT,CODE_HIGHLIGHT,true,305
2,RULE,palindrome,easy,planning,GUIDING_QUESTION,GUIDING_QUESTION,true,119
3,RULE,palindrome,easy,first_conceptual_error,CODE_HIGHLIGHT,CODE_HIGHLIGHT,true,62
4,RULE,palindrome,easy,repeated_conceptual_error,CONCEPTUAL_HINT,CONCEPTUAL_HINT,true,80
5,RULE,palindrome,easy,partial_logic,CONCEPTUAL_HINT,CONCEPTUAL_HINT,true,51
6,RULE,palindrome,easy,local_completion,NO_FEEDBACK,CONCEPTUAL_HINT,false,65
7,RULE,two-sum,easy,syntax,CODE_HIGHLIGHT,CODE_HIGHLIGHT,true,59
8,RULE,two-sum,easy,planning,GUIDING_QUESTION,GUIDING_QUESTION,true,42
9,RULE,two-sum,easy,first_conceptual_error,CODE_HIGHLIGHT,CODE_HIGHLIGHT,true,66
10,RULE,two-sum,easy,repeated_conceptual_error,CONCEPTUAL_HINT,CONCEPTUAL_HINT,true,44
11,RULE,two-sum,easy,partial_logic,CONCEPTUAL_HINT,CONCEPTUAL_HINT,true,54
12,RULE,two-sum,easy,local_completion,NO_FEEDBACK,NO_FEEDBACK,true,49
13,RULE,valid-parentheses,easy,syntax,CODE_HIGHLIGHT,CODE_HIGHLIGHT,true,57
14,RULE,valid-parentheses,easy,planning,GUIDING_QUESTION,GUIDING_QUESTION,true,47
15,RULE,valid-parentheses,easy,first_conceptual_error,CODE_HIGHLIGHT,NO_FEEDBACK,false,49
16,RULE,valid-parentheses,easy,repeated_conceptual_error,CONCEPTUAL_HINT,NO_FEEDBACK,false,66
17,RULE,valid-parentheses,easy,partial_logic,CONCEPTUAL_HINT,CONCEPTUAL_HINT,true,57
18,RULE,valid-parentheses,easy,local_completion,NO_FEEDBACK,CONCEPTUAL_HINT,false,63
19,RULE,binary-search,easy,syntax,CODE_HIGHLIGHT,CODE_HIGHLIGHT,true,59
20,RULE,binary-search,easy,planning,GUIDING_QUESTION,GUIDING_QUESTION,true,61
21,RULE,binary-search,easy,first_conceptual_error,CODE_HIGHLIGHT,CODE_HIGHLIGHT,true,64
22,RULE,binary-search,easy,repeated_conceptual_error,CONCEPTUAL_HINT,CONCEPTUAL_HINT,true,58
23,RULE,binary-search,easy,partial_logic,CONCEPTUAL_HINT,CONCEPTUAL_HINT,true,58
24,RULE,binary-search,easy,local_completion,NO_FEEDBACK,NO_FEEDBACK,true,51
25,RULE,merge-sorted-array,easy,syntax,CODE_HIGHLIGHT,CODE_HIGHLIGHT,true,57
26,RULE,merge-sorted-array,easy,planning,GUIDING_QUESTION,GUIDING_QUESTION,true,47
27,RULE,merge-sorted-array,easy,first_conceptual_error,CODE_HIGHLIGHT,CODE_HIGHLIGHT,true,48
28,RULE,merge-sorted-array,easy,repeated_conceptual_error,CONCEPTUAL_HINT,CONCEPTUAL_HINT,true,43
29,RULE,merge-sorted-array,easy,partial_logic,CONCEPTUAL_HINT,CONCEPTUAL_HINT,true,32
30,RULE,merge-sorted-array,easy,local_completion,NO_FEEDBACK,NO_FEEDBACK,true,32
31,RULE,trapping-rain-water,hard,syntax,CODE_HIGHLIGHT,CODE_HIGHLIGHT,true,44
32,RULE,trapping-rain-water,hard,planning,GUIDING_QUESTION,GUIDING_QUESTION,true,46
33,RULE,trapping-rain-water,hard,first_conceptual_error,CONCEPTUAL_HINT,CONCEPTUAL_HINT,true,45
34,RULE,trapping-rain-water,hard,repeated_conceptual_error,CONCEPTUAL_HINT,CONCEPTUAL_HINT,true,49
35,RULE,trapping-rain-water,hard,partial_logic,CONCEPTUAL_HINT,CONCEPTUAL_HINT,true,31
36,RULE,trapping-rain-water,hard,local_completion,NO_FEEDBACK,CONCEPTUAL_HINT,false,51
37,RULE,lru-cache,medium,syntax,CODE_HIGHLIGHT,CODE_HIGHLIGHT,true,61
38,RULE,lru-cache,medium,planning,GUIDING_QUESTION,GUIDING_QUESTION,true,59
39,RULE,lru-cache,medium,first_conceptual_error,CONCEPTUAL_HINT,NO_FEEDBACK,false,45
40,RULE,lru-cache,medium,repeated_conceptual_error,CONCEPTUAL_HINT,NO_FEEDBACK,false,29
41,RULE,lru-cache,medium,partial_logic,CONCEPTUAL_HINT,CONCEPTUAL_HINT,true,48
42,RULE,lru-cache,medium,local_completion,NO_FEEDBACK,CONCEPTUAL_HINT,false,44
43,RULE,longest-substring,medium,syntax,CODE_HIGHLIGHT,CODE_HIGHLIGHT,true,46
44,RULE,longest-substring,medium,planning,GUIDING_QUESTION,GUIDING_QUESTION,true,49
45,RULE,longest-substring,medium,first_conceptual_error,CODE_HIGHLIGHT,CODE_HIGHLIGHT,true,44
46,RULE,longest-substring,medium,repeated_conceptual_error,CONCEPTUAL_HINT,CONCEPTUAL_HINT,true,49
47,RULE,longest-substring,medium,partial_logic,CONCEPTUAL_HINT,CONCEPTUAL_HINT,true,47
48,RULE,longest-substring,medium,local_completion,NO_FEEDBACK,NO_FEEDBACK,true,44
49,RULE,reverse-linked-list,easy,syntax,CODE_HIGHLIGHT,CODE_HIGHLIGHT,true,52
50,RULE,reverse-linked-list,easy,planning,GUIDING_QUESTION,GUIDING_QUESTION,true,43
51,RULE,reverse-linked-list,easy,first_conceptual_error,CONCEPTUAL_HINT,CONCEPTUAL_HINT,true,33
52,RULE,reverse-linked-list,easy,repeated_conceptual_error,CONCEPTUAL_HINT,CONCEPTUAL_HINT,true,49
53,RULE,reverse-linked-list,easy,partial_logic,CONCEPTUAL_HINT,CONCEPTUAL_HINT,true,62
54,RULE,reverse-linked-list,easy,local_completion,NO_FEEDBACK,NO_FEEDBACK,true,60
55,RULE,matrix-diagonal-sum,easy,syntax,CODE_HIGHLIGHT,CODE_HIGHLIGHT,true,38
56,RULE,matrix-diagonal-sum,easy,planning,GUIDING_QUESTION,GUIDING_QUESTION,true,48
57,RULE,matrix-diagonal-sum,easy,first_conceptual_error,CODE_HIGHLIGHT,CODE_HIGHLIGHT,true,49
58,RULE,matrix-diagonal-sum,easy,repeated_conceptual_error,CONCEPTUAL_HINT,CONCEPTUAL_HINT,true,64
59,RULE,matrix-diagonal-sum,easy,partial_logic,CONCEPTUAL_HINT,CONCEPTUAL_HINT,true,33
60,RULE,matrix-diagonal-sum,easy,local_completion,NO_FEEDBACK,NO_FEEDBACK,true,60
61,RULE,roman-to-integer,easy,syntax,CODE_HIGHLIGHT,CODE_HIGHLIGHT,true,41
62,RULE,roman-to-integer,easy,planning,GUIDING_QUESTION,GUIDING_QUESTION,true,36
63,RULE,roman-to-integer,easy,first_conceptual_error,CODE_HIGHLIGHT,CODE_HIGHLIGHT,true,68
64,RULE,roman-to-integer,easy,repeated_conceptual_error,CONCEPTUAL_HINT,CONCEPTUAL_HINT,true,59
65,RULE,roman-to-integer,easy,partial_logic,CONCEPTUAL_HINT,CONCEPTUAL_HINT,true,58
66,RULE,roman-to-integer,easy,local_completion,NO_FEEDBACK,NO_FEEDBACK,true,54
67,RULE,climbing-stairs,easy,syntax,CODE_HIGHLIGHT,CODE_HIGHLIGHT,true,45
68,RULE,climbing-stairs,easy,planning,GUIDING_QUESTION,GUIDING_QUESTION,true,44
69,RULE,climbing-stairs,easy,first_conceptual_error,CONCEPTUAL_HINT,CONCEPTUAL_HINT,true,31
70,RULE,climbing-stairs,easy,repeated_conceptual_error,CONCEPTUAL_HINT,CONCEPTUAL_HINT,true,52
71,RULE,climbing-stairs,easy,partial_logic,CONCEPTUAL_HINT,CONCEPTUAL_HINT,true,29
72,RULE,climbing-stairs,easy,local_completion,NO_FEEDBACK,CODE_HIGHLIGHT,false,47
73,RULE,palindrome,easy,syntax,CODE_HIGHLIGHT,CODE_HIGHLIGHT,true,42
74,RULE,palindrome,easy,planning,GUIDING_QUESTION,GUIDING_QUESTION,true,44
75,RULE,palindrome,easy,first_conceptual_error,CODE_HIGHLIGHT,CODE_HIGHLIGHT,true,51
76,RULE,palindrome,easy,repeated_conceptual_error,CONCEPTUAL_HINT,CONCEPTUAL_HINT,true,47
77,RULE,palindrome,easy,partial_logic,CONCEPTUAL_HINT,CONCEPTUAL_HINT,true,43
78,RULE,palindrome,easy,local_completion,NO_FEEDBACK,CONCEPTUAL_HINT,false,57
79,RULE,two-sum,easy,syntax,CODE_HIGHLIGHT,CODE_HIGHLIGHT,true,49
80,RULE,two-sum,easy,planning,GUIDING_QUESTION,GUIDING_QUESTION,true,29
81,RULE,two-sum,easy,first_conceptual_error,CODE_HIGHLIGHT,CODE_HIGHLIGHT,true,53
82,RULE,two-sum,easy,repeated_conceptual_error,CONCEPTUAL_HINT,CONCEPTUAL_HINT,true,39
83,RULE,two-sum,easy,partial_logic,CONCEPTUAL_HINT,CONCEPTUAL_HINT,true,48
84,RULE,two-sum,easy,local_completion,NO_FEEDBACK,NO_FEEDBACK,true,51
85,RULE,valid-parentheses,easy,syntax,CODE_HIGHLIGHT,CODE_HIGHLIGHT,true,43
86,RULE,valid-parentheses,easy,planning,GUIDING_QUESTION,GUIDING_QUESTION,true,47
87,RULE,valid-parentheses,easy,first_conceptual_error,CODE_HIGHLIGHT,NO_FEEDBACK,false,40
88,RULE,valid-parentheses,easy,repeated_conceptual_error,CONCEPTUAL_HINT,NO_FEEDBACK,false,30
89,RULE,valid-parentheses,easy,partial_logic,CONCEPTUAL_HINT,CONCEPTUAL_HINT,true,50
90,RULE,valid-parentheses,easy,local_completion,NO_FEEDBACK,CONCEPTUAL_HINT,false,49
91,RULE,binary-search,easy,syntax,CODE_HIGHLIGHT,CODE_HIGHLIGHT,true,40
92,RULE,binary-search,easy,planning,GUIDING_QUESTION,GUIDING_QUESTION,true,50
93,RULE,binary-search,easy,first_conceptual_error,CODE_HIGHLIGHT,CODE_HIGHLIGHT,true,44
94,RULE,binary-search,easy,repeated_conceptual_error,CONCEPTUAL_HINT,CONCEPTUAL_HINT,true,49
95,RULE,binary-search,easy,partial_logic,CONCEPTUAL_HINT,CONCEPTUAL_HINT,true,43
96,RULE,binary-search,easy,local_completion,NO_FEEDBACK,NO_FEEDBACK,true,47
97,RULE,merge-sorted-array,easy,syntax,CODE_HIGHLIGHT,CODE_HIGHLIGHT,true,46
98,RULE,merge-sorted-array,easy,planning,GUIDING_QUESTION,GUIDING_QUESTION,true,47
99,RULE,merge-sorted-array,easy,first_conceptual_error,CODE_HIGHLIGHT,CODE_HIGHLIGHT,true,42
100,RULE,merge-sorted-array,easy,repeated_conceptual_error,CONCEPTUAL_HINT,CONCEPTUAL_HINT,true,57
101,RULE,merge-sorted-array,easy,partial_logic,CONCEPTUAL_HINT,CONCEPTUAL_HINT,true,51
102,RULE,merge-sorted-array,easy,local_completion,NO_FEEDBACK,NO_FEEDBACK,true,46
103,RULE,trapping-rain-water,hard,syntax,CODE_HIGHLIGHT,CODE_HIGHLIGHT,true,49
104,RULE,trapping-rain-water,hard,planning,GUIDING_QUESTION,GUIDING_QUESTION,true,47
105,RULE,trapping-rain-water,hard,first_conceptual_error,CONCEPTUAL_HINT,CONCEPTUAL_HINT,true,26
106,RULE,trapping-rain-water,hard,repeated_conceptual_error,CONCEPTUAL_HINT,CONCEPTUAL_HINT,true,51
107,RULE,trapping-rain-water,hard,partial_logic,CONCEPTUAL_HINT,CONCEPTUAL_HINT,true,45
108,RULE,trapping-rain-water,hard,local_completion,NO_FEEDBACK,CONCEPTUAL_HINT,false,45
109,RULE,lru-cache,medium,syntax,CODE_HIGHLIGHT,CODE_HIGHLIGHT,true,50
110,RULE,lru-cache,medium,planning,GUIDING_QUESTION,GUIDING_QUESTION,true,43
111,RULE,lru-cache,medium,first_conceptual_error,CONCEPTUAL_HINT,NO_FEEDBACK,false,46
112,RULE,lru-cache,medium,repeated_conceptual_error,CONCEPTUAL_HINT,NO_FEEDBACK,false,49
113,RULE,lru-cache,medium,partial_logic,CONCEPTUAL_HINT,CONCEPTUAL_HINT,true,42
114,RULE,lru-cache,medium,local_completion,NO_FEEDBACK,CONCEPTUAL_HINT,false,47
115,RULE,longest-substring,medium,syntax,CODE_HIGHLIGHT,CODE_HIGHLIGHT,true,45
116,RULE,longest-substring,medium,planning,GUIDING_QUESTION,GUIDING_QUESTION,true,46
117,RULE,longest-substring,medium,first_conceptual_error,CODE_HIGHLIGHT,CODE_HIGHLIGHT,true,48
118,RULE,longest-substring,medium,repeated_conceptual_error,CONCEPTUAL_HINT,CONCEPTUAL_HINT,true,44
119,RULE,longest-substring,medium,partial_logic,CONCEPTUAL_HINT,CONCEPTUAL_HINT,true,47
120,RULE,longest-substring,medium,local_completion,NO_FEEDBACK,NO_FEEDBACK,true,49
121,RULE,reverse-linked-list,easy,syntax,CODE_HIGHLIGHT,CODE_HIGHLIGHT,true,47
122,RULE,reverse-linked-list,easy,planning,GUIDING_QUESTION,GUIDING_QUESTION,true,72
123,RULE,reverse-linked-list,easy,first_conceptual_error,CONCEPTUAL_HINT,CONCEPTUAL_HINT,true,57
124,RULE,reverse-linked-list,easy,repeated_conceptual_error,CONCEPTUAL_HINT,CONCEPTUAL_HINT,true,37
125,RULE,reverse-linked-list,easy,partial_logic,CONCEPTUAL_HINT,CONCEPTUAL_HINT,true,48
126,RULE,reverse-linked-list,easy,local_completion,NO_FEEDBACK,NO_FEEDBACK,true,34
127,RULE,matrix-diagonal-sum,easy,syntax,CODE_HIGHLIGHT,CODE_HIGHLIGHT,true,42
128,RULE,matrix-diagonal-sum,easy,planning,GUIDING_QUESTION,GUIDING_QUESTION,true,53
129,RULE,matrix-diagonal-sum,easy,first_conceptual_error,CODE_HIGHLIGHT,CODE_HIGHLIGHT,true,40
130,RULE,matrix-diagonal-sum,easy,repeated_conceptual_error,CONCEPTUAL_HINT,CONCEPTUAL_HINT,true,44
131,RULE,matrix-diagonal-sum,easy,partial_logic,CONCEPTUAL_HINT,CONCEPTUAL_HINT,true,47
132,RULE,matrix-diagonal-sum,easy,local_completion,NO_FEEDBACK,NO_FEEDBACK,true,44
133,RULE,roman-to-integer,easy,syntax,CODE_HIGHLIGHT,CODE_HIGHLIGHT,true,46
134,RULE,roman-to-integer,easy,planning,GUIDING_QUESTION,GUIDING_QUESTION,true,49
135,RULE,roman-to-integer,easy,first_conceptual_error,CODE_HIGHLIGHT,CODE_HIGHLIGHT,true,44
136,RULE,roman-to-integer,easy,repeated_conceptual_error,CONCEPTUAL_HINT,CONCEPTUAL_HINT,true,47
137,RULE,roman-to-integer,easy,partial_logic,CONCEPTUAL_HINT,CONCEPTUAL_HINT,true,48
138,RULE,roman-to-integer,easy,local_completion,NO_FEEDBACK,NO_FEEDBACK,true,43
139,RULE,climbing-stairs,easy,syntax,CODE_HIGHLIGHT,CODE_HIGHLIGHT,true,46
140,RULE,climbing-stairs,easy,planning,GUIDING_QUESTION,GUIDING_QUESTION,true,49
141,RULE,climbing-stairs,easy,first_conceptual_error,CONCEPTUAL_HINT,CONCEPTUAL_HINT,true,46
142,RULE,climbing-stairs,easy,repeated_conceptual_error,CONCEPTUAL_HINT,CONCEPTUAL_HINT,true,47
143,RULE,climbing-stairs,easy,partial_logic,CONCEPTUAL_HINT,CONCEPTUAL_HINT,true,42
144,RULE,climbing-stairs,easy,local_completion,NO_FEEDBACK,CODE_HIGHLIGHT,false,54
145,RULE,palindrome,easy,syntax,CODE_HIGHLIGHT,CODE_HIGHLIGHT,true,41
146,RULE,palindrome,easy,planning,GUIDING_QUESTION,GUIDING_QUESTION,true,43
147,RULE,palindrome,easy,first_conceptual_error,CODE_HIGHLIGHT,CODE_HIGHLIGHT,true,47
148,RULE,palindrome,easy,repeated_conceptual_error,CONCEPTUAL_HINT,CONCEPTUAL_HINT,true,30
149,RULE,palindrome,easy,partial_logic,CONCEPTUAL_HINT,CONCEPTUAL_HINT,true,46
150,RULE,palindrome,easy,local_completion,NO_FEEDBACK,CONCEPTUAL_HINT,false,46
151,RULE,two-sum,easy,syntax,CODE_HIGHLIGHT,CODE_HIGHLIGHT,true,48
152,RULE,two-sum,easy,planning,GUIDING_QUESTION,GUIDING_QUESTION,true,44
153,RULE,two-sum,easy,first_conceptual_error,CODE_HIGHLIGHT,CODE_HIGHLIGHT,true,47
154,RULE,two-sum,easy,repeated_conceptual_error,CONCEPTUAL_HINT,CONCEPTUAL_HINT,true,48
155,RULE,two-sum,easy,partial_logic,CONCEPTUAL_HINT,CONCEPTUAL_HINT,true,44
156,RULE,two-sum,easy,local_completion,NO_FEEDBACK,NO_FEEDBACK,true,47
157,RULE,valid-parentheses,easy,syntax,CODE_HIGHLIGHT,CODE_HIGHLIGHT,true,42
158,RULE,valid-parentheses,easy,planning,GUIDING_QUESTION,GUIDING_QUESTION,true,46
159,RULE,valid-parentheses,easy,first_conceptual_error,CODE_HIGHLIGHT,NO_FEEDBACK,false,50
160,RULE,valid-parentheses,easy,repeated_conceptual_error,CONCEPTUAL_HINT,NO_FEEDBACK,false,44
161,RULE,valid-parentheses,easy,partial_logic,CONCEPTUAL_HINT,CONCEPTUAL_HINT,true,27
162,RULE,valid-parentheses,easy,local_completion,NO_FEEDBACK,CONCEPTUAL_HINT,false,48
163,RULE,binary-search,easy,syntax,CODE_HIGHLIGHT,CODE_HIGHLIGHT,true,46
164,RULE,binary-search,easy,planning,GUIDING_QUESTION,GUIDING_QUESTION,true,47
165,RULE,binary-search,easy,first_conceptual_error,CODE_HIGHLIGHT,CODE_HIGHLIGHT,true,45
166,RULE,binary-search,easy,repeated_conceptual_error,CONCEPTUAL_HINT,CONCEPTUAL_HINT,true,59
167,RULE,binary-search,easy,partial_logic,CONCEPTUAL_HINT,CONCEPTUAL_HINT,true,50
168,RULE,binary-search,easy,local_completion,NO_FEEDBACK,NO_FEEDBACK,true,45
169,RULE,merge-sorted-array,easy,syntax,CODE_HIGHLIGHT,CODE_HIGHLIGHT,true,45
170,RULE,merge-sorted-array,easy,planning,GUIDING_QUESTION,GUIDING_QUESTION,true,49
171,RULE,merge-sorted-array,easy,first_conceptual_error,CODE_HIGHLIGHT,CODE_HIGHLIGHT,true,46
172,RULE,merge-sorted-array,easy,repeated_conceptual_error,CONCEPTUAL_HINT,CONCEPTUAL_HINT,true,53
173,RULE,merge-sorted-array,easy,partial_logic,CONCEPTUAL_HINT,CONCEPTUAL_HINT,true,52
174,RULE,merge-sorted-array,easy,local_completion,NO_FEEDBACK,NO_FEEDBACK,true,46
175,RULE,trapping-rain-water,hard,syntax,CODE_HIGHLIGHT,CODE_HIGHLIGHT,true,48
176,RULE,trapping-rain-water,hard,planning,GUIDING_QUESTION,GUIDING_QUESTION,true,44
177,RULE,trapping-rain-water,hard,first_conceptual_error,CONCEPTUAL_HINT,CONCEPTUAL_HINT,true,50
178,RULE,trapping-rain-water,hard,repeated_conceptual_error,CONCEPTUAL_HINT,CONCEPTUAL_HINT,true,44
179,RULE,trapping-rain-water,hard,partial_logic,CONCEPTUAL_HINT,CONCEPTUAL_HINT,true,46
180,RULE,trapping-rain-water,hard,local_completion,NO_FEEDBACK,CONCEPTUAL_HINT,false,48
181,RULE,lru-cache,medium,syntax,CODE_HIGHLIGHT,CODE_HIGHLIGHT,true,43
182,RULE,lru-cache,medium,planning,GUIDING_QUESTION,GUIDING_QUESTION,true,47
183,RULE,lru-cache,medium,first_conceptual_error,CONCEPTUAL_HINT,NO_FEEDBACK,false,48
184,RULE,lru-cache,medium,repeated_conceptual_error,CONCEPTUAL_HINT,NO_FEEDBACK,false,48
185,RULE,lru-cache,medium,partial_logic,CONCEPTUAL_HINT,CONCEPTUAL_HINT,true,43
186,RULE,lru-cache,medium,local_completion,NO_FEEDBACK,CONCEPTUAL_HINT,false,51
187,RULE,longest-substring,medium,syntax,CODE_HIGHLIGHT,CODE_HIGHLIGHT,true,43
188,RULE,longest-substring,medium,planning,GUIDING_QUESTION,GUIDING_QUESTION,true,66
189,RULE,longest-substring,medium,first_conceptual_error,CODE_HIGHLIGHT,CODE_HIGHLIGHT,true,52
190,RULE,longest-substring,medium,repeated_conceptual_error,CONCEPTUAL_HINT,CONCEPTUAL_HINT,true,39
191,RULE,longest-substring,medium,partial_logic,CONCEPTUAL_HINT,CONCEPTUAL_HINT,true,51
192,RULE,longest-substring,medium,local_completion,NO_FEEDBACK,NO_FEEDBACK,true,42
193,RULE,reverse-linked-list,easy,syntax,CODE_HIGHLIGHT,CODE_HIGHLIGHT,true,44
194,RULE,reverse-linked-list,easy,planning,GUIDING_QUESTION,GUIDING_QUESTION,true,24
195,RULE,reverse-linked-list,easy,first_conceptual_error,CONCEPTUAL_HINT,CONCEPTUAL_HINT,true,26
196,RULE,reverse-linked-list,easy,repeated_conceptual_error,CONCEPTUAL_HINT,CONCEPTUAL_HINT,true,42
197,RULE,reverse-linked-list,easy,partial_logic,CONCEPTUAL_HINT,CONCEPTUAL_HINT,true,46
198,RULE,reverse-linked-list,easy,local_completion,NO_FEEDBACK,NO_FEEDBACK,true,45
199,RULE,matrix-diagonal-sum,easy,syntax,CODE_HIGHLIGHT,CODE_HIGHLIGHT,true,47
200,RULE,matrix-diagonal-sum,easy,planning,GUIDING_QUESTION,GUIDING_QUESTION,true,48
201,RULE,matrix-diagonal-sum,easy,first_conceptual_error,CODE_HIGHLIGHT,CODE_HIGHLIGHT,true,45
202,RULE,matrix-diagonal-sum,easy,repeated_conceptual_error,CONCEPTUAL_HINT,CONCEPTUAL_HINT,true,46
203,RULE,matrix-diagonal-sum,easy,partial_logic,CONCEPTUAL_HINT,CONCEPTUAL_HINT,true,48
204,RULE,matrix-diagonal-sum,easy,local_completion,NO_FEEDBACK,NO_FEEDBACK,true,44
205,RULE,roman-to-integer,easy,syntax,CODE_HIGHLIGHT,CODE_HIGHLIGHT,true,45
206,RULE,roman-to-integer,easy,planning,GUIDING_QUESTION,GUIDING_QUESTION,true,48
207,RULE,roman-to-integer,easy,first_conceptual_error,CODE_HIGHLIGHT,CODE_HIGHLIGHT,true,44
208,RULE,roman-to-integer,easy,repeated_conceptual_error,CONCEPTUAL_HINT,CONCEPTUAL_HINT,true,49
209,RULE,roman-to-integer,easy,partial_logic,CONCEPTUAL_HINT,CONCEPTUAL_HINT,true,45
210,RULE,roman-to-integer,easy,local_completion,NO_FEEDBACK,NO_FEEDBACK,true,45
211,RULE,climbing-stairs,easy,syntax,CODE_HIGHLIGHT,CODE_HIGHLIGHT,true,58
212,RULE,climbing-stairs,easy,planning,GUIDING_QUESTION,GUIDING_QUESTION,true,39
213,RULE,climbing-stairs,easy,first_conceptual_error,CONCEPTUAL_HINT,CONCEPTUAL_HINT,true,64
214,RULE,climbing-stairs,easy,repeated_conceptual_error,CONCEPTUAL_HINT,CONCEPTUAL_HINT,true,33
215,RULE,climbing-stairs,easy,partial_logic,CONCEPTUAL_HINT,CONCEPTUAL_HINT,true,39
216,RULE,climbing-stairs,easy,local_completion,NO_FEEDBACK,CODE_HIGHLIGHT,false,46
217,RULE,palindrome,easy,syntax,CODE_HIGHLIGHT,CODE_HIGHLIGHT,true,27
218,RULE,palindrome,easy,planning,GUIDING_QUESTION,GUIDING_QUESTION,true,49
219,RULE,palindrome,easy,first_conceptual_error,CODE_HIGHLIGHT,CODE_HIGHLIGHT,true,34
220,RULE,palindrome,easy,repeated_conceptual_error,CONCEPTUAL_HINT,CONCEPTUAL_HINT,true,52
221,RULE,palindrome,easy,partial_logic,CONCEPTUAL_HINT,CONCEPTUAL_HINT,true,30
222,RULE,palindrome,easy,local_completion,NO_FEEDBACK,CONCEPTUAL_HINT,false,38
223,RULE,two-sum,easy,syntax,CODE_HIGHLIGHT,CODE_HIGHLIGHT,true,45
224,RULE,two-sum,easy,planning,GUIDING_QUESTION,GUIDING_QUESTION,true,48
225,RULE,two-sum,easy,first_conceptual_error,CODE_HIGHLIGHT,CODE_HIGHLIGHT,true,45
226,RULE,two-sum,easy,repeated_conceptual_error,CONCEPTUAL_HINT,CONCEPTUAL_HINT,true,26
227,RULE,two-sum,easy,partial_logic,CONCEPTUAL_HINT,CONCEPTUAL_HINT,true,50
228,RULE,two-sum,easy,local_completion,NO_FEEDBACK,NO_FEEDBACK,true,48
229,RULE,valid-parentheses,easy,syntax,CODE_HIGHLIGHT,CODE_HIGHLIGHT,true,42
230,RULE,valid-parentheses,easy,planning,GUIDING_QUESTION,GUIDING_QUESTION,true,48
231,RULE,valid-parentheses,easy,first_conceptual_error,CODE_HIGHLIGHT,NO_FEEDBACK,false,47
232,RULE,valid-parentheses,easy,repeated_conceptual_error,CONCEPTUAL_HINT,NO_FEEDBACK,false,51
233,RULE,valid-parentheses,easy,partial_logic,CONCEPTUAL_HINT,CONCEPTUAL_HINT,true,53
234,RULE,valid-parentheses,easy,local_completion,NO_FEEDBACK,CONCEPTUAL_HINT,false,51
235,RULE,binary-search,easy,syntax,CODE_HIGHLIGHT,CODE_HIGHLIGHT,true,48
236,RULE,binary-search,easy,planning,GUIDING_QUESTION,GUIDING_QUESTION,true,46
237,RULE,binary-search,easy,first_conceptual_error,CODE_HIGHLIGHT,CODE_HIGHLIGHT,true,45
238,RULE,binary-search,easy,repeated_conceptual_error,CONCEPTUAL_HINT,CONCEPTUAL_HINT,true,45
239,RULE,binary-search,easy,partial_logic,CONCEPTUAL_HINT,CONCEPTUAL_HINT,true,44
240,RULE,binary-search,easy,local_completion,NO_FEEDBACK,NO_FEEDBACK,true,48
241,RULE,merge-sorted-array,easy,syntax,CODE_HIGHLIGHT,CODE_HIGHLIGHT,true,44
242,RULE,merge-sorted-array,easy,planning,GUIDING_QUESTION,GUIDING_QUESTION,true,50
243,RULE,merge-sorted-array,easy,first_conceptual_error,CODE_HIGHLIGHT,CODE_HIGHLIGHT,true,44
244,RULE,merge-sorted-array,easy,repeated_conceptual_error,CONCEPTUAL_HINT,CONCEPTUAL_HINT,true,46
245,RULE,merge-sorted-array,easy,partial_logic,CONCEPTUAL_HINT,CONCEPTUAL_HINT,true,48
246,RULE,merge-sorted-array,easy,local_completion,NO_FEEDBACK,NO_FEEDBACK,true,43
247,RULE,trapping-rain-water,hard,syntax,CODE_HIGHLIGHT,CODE_HIGHLIGHT,true,45
248,RULE,trapping-rain-water,hard,planning,GUIDING_QUESTION,GUIDING_QUESTION,true,49
249,RULE,trapping-rain-water,hard,first_conceptual_error,CONCEPTUAL_HINT,CONCEPTUAL_HINT,true,44
250,RULE,trapping-rain-water,hard,repeated_conceptual_error,CONCEPTUAL_HINT,CONCEPTUAL_HINT,true,49
251,RULE,trapping-rain-water,hard,partial_logic,CONCEPTUAL_HINT,CONCEPTUAL_HINT,true,24
252,RULE,trapping-rain-water,hard,local_completion,NO_FEEDBACK,CONCEPTUAL_HINT,false,37
253,RULE,lru-cache,medium,syntax,CODE_HIGHLIGHT,CODE_HIGHLIGHT,true,43
254,RULE,lru-cache,medium,planning,GUIDING_QUESTION,GUIDING_QUESTION,true,26
255,RULE,lru-cache,medium,first_conceptual_error,CONCEPTUAL_HINT,NO_FEEDBACK,false,60
256,RULE,lru-cache,medium,repeated_conceptual_error,CONCEPTUAL_HINT,NO_FEEDBACK,false,36
257,RULE,lru-cache,medium,partial_logic,CONCEPTUAL_HINT,CONCEPTUAL_HINT,true,57
258,RULE,lru-cache,medium,local_completion,NO_FEEDBACK,CONCEPTUAL_HINT,false,25
259,RULE,longest-substring,medium,syntax,CODE_HIGHLIGHT,CODE_HIGHLIGHT,true,45
260,RULE,longest-substring,medium,planning,GUIDING_QUESTION,GUIDING_QUESTION,true,46
261,RULE,longest-substring,medium,first_conceptual_error,CODE_HIGHLIGHT,CODE_HIGHLIGHT,true,47
262,RULE,longest-substring,medium,repeated_conceptual_error,CONCEPTUAL_HINT,CONCEPTUAL_HINT,true,45
263,RULE,longest-substring,medium,partial_logic,CONCEPTUAL_HINT,CONCEPTUAL_HINT,true,47
264,RULE,longest-substring,medium,local_completion,NO_FEEDBACK,NO_FEEDBACK,true,45
265,RULE,reverse-linked-list,easy,syntax,CODE_HIGHLIGHT,CODE_HIGHLIGHT,true,44
266,RULE,reverse-linked-list,easy,planning,GUIDING_QUESTION,GUIDING_QUESTION,true,52
267,RULE,reverse-linked-list,easy,first_conceptual_error,CONCEPTUAL_HINT,CONCEPTUAL_HINT,true,40
268,RULE,reverse-linked-list,easy,repeated_conceptual_error,CONCEPTUAL_HINT,CONCEPTUAL_HINT,true,50
269,RULE,reverse-linked-list,easy,partial_logic,CONCEPTUAL_HINT,CONCEPTUAL_HINT,true,43
270,RULE,reverse-linked-list,easy,local_completion,NO_FEEDBACK,NO_FEEDBACK,true,46
271,RULE,matrix-diagonal-sum,easy,syntax,CODE_HIGHLIGHT,CODE_HIGHLIGHT,true,46
272,RULE,matrix-diagonal-sum,easy,planning,GUIDING_QUESTION,GUIDING_QUESTION,true,23
273,RULE,matrix-diagonal-sum,easy,first_conceptual_error,CODE_HIGHLIGHT,CODE_HIGHLIGHT,true,45
274,RULE,matrix-diagonal-sum,easy,repeated_conceptual_error,CONCEPTUAL_HINT,CONCEPTUAL_HINT,true,40
275,RULE,matrix-diagonal-sum,easy,partial_logic,CONCEPTUAL_HINT,CONCEPTUAL_HINT,true,44
276,RULE,matrix-diagonal-sum,easy,local_completion,NO_FEEDBACK,NO_FEEDBACK,true,44
277,RULE,roman-to-integer,easy,syntax,CODE_HIGHLIGHT,CODE_HIGHLIGHT,true,48
278,RULE,roman-to-integer,easy,planning,GUIDING_QUESTION,GUIDING_QUESTION,true,45
279,RULE,roman-to-integer,easy,first_conceptual_error,CODE_HIGHLIGHT,CODE_HIGHLIGHT,true,47
280,RULE,roman-to-integer,easy,repeated_conceptual_error,CONCEPTUAL_HINT,CONCEPTUAL_HINT,true,60
281,RULE,roman-to-integer,easy,partial_logic,CONCEPTUAL_HINT,CONCEPTUAL_HINT,true,47
282,RULE,roman-to-integer,easy,local_completion,NO_FEEDBACK,NO_FEEDBACK,true,47
283,RULE,climbing-stairs,easy,syntax,CODE_HIGHLIGHT,CODE_HIGHLIGHT,true,26
284,RULE,climbing-stairs,easy,planning,GUIDING_QUESTION,GUIDING_QUESTION,true,60
285,RULE,climbing-stairs,easy,first_conceptual_error,CONCEPTUAL_HINT,CONCEPTUAL_HINT,true,52
286,RULE,climbing-stairs,easy,repeated_conceptual_error,CONCEPTUAL_HINT,CONCEPTUAL_HINT,true,50
287,RULE,climbing-stairs,easy,partial_logic,CONCEPTUAL_HINT,CONCEPTUAL_HINT,true,41
288,RULE,climbing-stairs,easy,local_completion,NO_FEEDBACK,CODE_HIGHLIGHT,false,46
1,ML,palindrome,easy,syntax,CODE_HIGHLIGHT,CODE_HIGHLIGHT,true,365
2,ML,palindrome,easy,planning,GUIDING_QUESTION,GUIDING_QUESTION,true,125
3,ML,palindrome,easy,first_conceptual_error,CODE_HIGHLIGHT,CODE_HIGHLIGHT,true,87
4,ML,palindrome,easy,repeated_conceptual_error,CONCEPTUAL_HINT,CONCEPTUAL_HINT,true,59
5,ML,palindrome,easy,partial_logic,CONCEPTUAL_HINT,CONCEPTUAL_HINT,true,50
6,ML,palindrome,easy,local_completion,NO_FEEDBACK,CONCEPTUAL_HINT,false,50
7,ML,two-sum,easy,syntax,CODE_HIGHLIGHT,CODE_HIGHLIGHT,true,59
8,ML,two-sum,easy,planning,GUIDING_QUESTION,GUIDING_QUESTION,true,45
9,ML,two-sum,easy,first_conceptual_error,CODE_HIGHLIGHT,CODE_HIGHLIGHT,true,46
10,ML,two-sum,easy,repeated_conceptual_error,CONCEPTUAL_HINT,CONCEPTUAL_HINT,true,61
11,ML,two-sum,easy,partial_logic,CONCEPTUAL_HINT,CONCEPTUAL_HINT,true,54
12,ML,two-sum,easy,local_completion,NO_FEEDBACK,NO_FEEDBACK,true,44
13,ML,valid-parentheses,easy,syntax,CODE_HIGHLIGHT,CODE_HIGHLIGHT,true,66
14,ML,valid-parentheses,easy,planning,GUIDING_QUESTION,GUIDING_QUESTION,true,68
15,ML,valid-parentheses,easy,first_conceptual_error,CODE_HIGHLIGHT,NO_FEEDBACK,false,61
16,ML,valid-parentheses,easy,repeated_conceptual_error,CONCEPTUAL_HINT,NO_FEEDBACK,false,57
17,ML,valid-parentheses,easy,partial_logic,CONCEPTUAL_HINT,CONCEPTUAL_HINT,true,41
18,ML,valid-parentheses,easy,local_completion,NO_FEEDBACK,CONCEPTUAL_HINT,false,43
19,ML,binary-search,easy,syntax,CODE_HIGHLIGHT,CODE_HIGHLIGHT,true,38
20,ML,binary-search,easy,planning,GUIDING_QUESTION,GUIDING_QUESTION,true,60
21,ML,binary-search,easy,first_conceptual_error,CODE_HIGHLIGHT,CODE_HIGHLIGHT,true,41
22,ML,binary-search,easy,repeated_conceptual_error,CONCEPTUAL_HINT,CONCEPTUAL_HINT,true,52
23,ML,binary-search,easy,partial_logic,CONCEPTUAL_HINT,CONCEPTUAL_HINT,true,65
24,ML,binary-search,easy,local_completion,NO_FEEDBACK,NO_FEEDBACK,true,50
25,ML,merge-sorted-array,easy,syntax,CODE_HIGHLIGHT,CODE_HIGHLIGHT,true,53
26,ML,merge-sorted-array,easy,planning,GUIDING_QUESTION,GUIDING_QUESTION,true,64
27,ML,merge-sorted-array,easy,first_conceptual_error,CODE_HIGHLIGHT,CODE_HIGHLIGHT,true,43
28,ML,merge-sorted-array,easy,repeated_conceptual_error,CONCEPTUAL_HINT,CONCEPTUAL_HINT,true,72
29,ML,merge-sorted-array,easy,partial_logic,CONCEPTUAL_HINT,CONCEPTUAL_HINT,true,54
30,ML,merge-sorted-array,easy,local_completion,NO_FEEDBACK,NO_FEEDBACK,true,62
31,ML,trapping-rain-water,hard,syntax,CODE_HIGHLIGHT,CODE_HIGHLIGHT,true,42
32,ML,trapping-rain-water,hard,planning,GUIDING_QUESTION,GUIDING_QUESTION,true,40
33,ML,trapping-rain-water,hard,first_conceptual_error,CONCEPTUAL_HINT,CONCEPTUAL_HINT,true,53
34,ML,trapping-rain-water,hard,repeated_conceptual_error,CONCEPTUAL_HINT,CONCEPTUAL_HINT,true,66
35,ML,trapping-rain-water,hard,partial_logic,CONCEPTUAL_HINT,CONCEPTUAL_HINT,true,50
36,ML,trapping-rain-water,hard,local_completion,NO_FEEDBACK,CONCEPTUAL_HINT,false,52
37,ML,lru-cache,medium,syntax,CODE_HIGHLIGHT,CODE_HIGHLIGHT,true,60
38,ML,lru-cache,medium,planning,GUIDING_QUESTION,GUIDING_QUESTION,true,63
39,ML,lru-cache,medium,first_conceptual_error,CONCEPTUAL_HINT,NO_FEEDBACK,false,59
40,ML,lru-cache,medium,repeated_conceptual_error,CONCEPTUAL_HINT,NO_FEEDBACK,false,48
41,ML,lru-cache,medium,partial_logic,CONCEPTUAL_HINT,CONCEPTUAL_HINT,true,46
42,ML,lru-cache,medium,local_completion,NO_FEEDBACK,CONCEPTUAL_HINT,false,62
43,ML,longest-substring,medium,syntax,CODE_HIGHLIGHT,CODE_HIGHLIGHT,true,62
44,ML,longest-substring,medium,planning,GUIDING_QUESTION,GUIDING_QUESTION,true,60
45,ML,longest-substring,medium,first_conceptual_error,CODE_HIGHLIGHT,CODE_HIGHLIGHT,true,59
46,ML,longest-substring,medium,repeated_conceptual_error,CONCEPTUAL_HINT,CONCEPTUAL_HINT,true,48
47,ML,longest-substring,medium,partial_logic,CONCEPTUAL_HINT,CONCEPTUAL_HINT,true,46
48,ML,longest-substring,medium,local_completion,NO_FEEDBACK,NO_FEEDBACK,true,44
49,ML,reverse-linked-list,easy,syntax,CODE_HIGHLIGHT,CODE_HIGHLIGHT,true,45
50,ML,reverse-linked-list,easy,planning,GUIDING_QUESTION,GUIDING_QUESTION,true,48
51,ML,reverse-linked-list,easy,first_conceptual_error,CONCEPTUAL_HINT,CONCEPTUAL_HINT,true,32
52,ML,reverse-linked-list,easy,repeated_conceptual_error,CONCEPTUAL_HINT,CONCEPTUAL_HINT,true,57
53,ML,reverse-linked-list,easy,partial_logic,CONCEPTUAL_HINT,CONCEPTUAL_HINT,true,48
54,ML,reverse-linked-list,easy,local_completion,NO_FEEDBACK,NO_FEEDBACK,true,70
55,ML,matrix-diagonal-sum,easy,syntax,CODE_HIGHLIGHT,CODE_HIGHLIGHT,true,55
56,ML,matrix-diagonal-sum,easy,planning,GUIDING_QUESTION,GUIDING_QUESTION,true,61
57,ML,matrix-diagonal-sum,easy,first_conceptual_error,CODE_HIGHLIGHT,CODE_HIGHLIGHT,true,59
58,ML,matrix-diagonal-sum,easy,repeated_conceptual_error,CONCEPTUAL_HINT,CONCEPTUAL_HINT,true,47
59,ML,matrix-diagonal-sum,easy,partial_logic,CONCEPTUAL_HINT,CONCEPTUAL_HINT,true,44
60,ML,matrix-diagonal-sum,easy,local_completion,NO_FEEDBACK,NO_FEEDBACK,true,46
61,ML,roman-to-integer,easy,syntax,CODE_HIGHLIGHT,CODE_HIGHLIGHT,true,41
62,ML,roman-to-integer,easy,planning,GUIDING_QUESTION,GUIDING_QUESTION,true,35
63,ML,roman-to-integer,easy,first_conceptual_error,CODE_HIGHLIGHT,CODE_HIGHLIGHT,true,48
64,ML,roman-to-integer,easy,repeated_conceptual_error,CONCEPTUAL_HINT,CONCEPTUAL_HINT,true,42
65,ML,roman-to-integer,easy,partial_logic,CONCEPTUAL_HINT,CONCEPTUAL_HINT,true,34
66,ML,roman-to-integer,easy,local_completion,NO_FEEDBACK,NO_FEEDBACK,true,43
67,ML,climbing-stairs,easy,syntax,CODE_HIGHLIGHT,CODE_HIGHLIGHT,true,32
68,ML,climbing-stairs,easy,planning,GUIDING_QUESTION,GUIDING_QUESTION,true,30
69,ML,climbing-stairs,easy,first_conceptual_error,CONCEPTUAL_HINT,CONCEPTUAL_HINT,true,50
70,ML,climbing-stairs,easy,repeated_conceptual_error,CONCEPTUAL_HINT,CONCEPTUAL_HINT,true,43
71,ML,climbing-stairs,easy,partial_logic,CONCEPTUAL_HINT,CONCEPTUAL_HINT,true,34
72,ML,climbing-stairs,easy,local_completion,NO_FEEDBACK,CODE_HIGHLIGHT,false,45
73,ML,palindrome,easy,syntax,CODE_HIGHLIGHT,CODE_HIGHLIGHT,true,74
74,ML,palindrome,easy,planning,GUIDING_QUESTION,GUIDING_QUESTION,true,51
75,ML,palindrome,easy,first_conceptual_error,CODE_HIGHLIGHT,CODE_HIGHLIGHT,true,51
76,ML,palindrome,easy,repeated_conceptual_error,CONCEPTUAL_HINT,CONCEPTUAL_HINT,true,56
77,ML,palindrome,easy,partial_logic,CONCEPTUAL_HINT,CONCEPTUAL_HINT,true,48
78,ML,palindrome,easy,local_completion,NO_FEEDBACK,CONCEPTUAL_HINT,false,41
79,ML,two-sum,easy,syntax,CODE_HIGHLIGHT,CODE_HIGHLIGHT,true,47
80,ML,two-sum,easy,planning,GUIDING_QUESTION,GUIDING_QUESTION,true,49
81,ML,two-sum,easy,first_conceptual_error,CODE_HIGHLIGHT,CODE_HIGHLIGHT,true,33
82,ML,two-sum,easy,repeated_conceptual_error,CONCEPTUAL_HINT,CONCEPTUAL_HINT,true,31
83,ML,two-sum,easy,partial_logic,CONCEPTUAL_HINT,CONCEPTUAL_HINT,true,55
84,ML,two-sum,easy,local_completion,NO_FEEDBACK,NO_FEEDBACK,true,49
85,ML,valid-parentheses,easy,syntax,CODE_HIGHLIGHT,CODE_HIGHLIGHT,true,31
86,ML,valid-parentheses,easy,planning,GUIDING_QUESTION,GUIDING_QUESTION,true,58
87,ML,valid-parentheses,easy,first_conceptual_error,CODE_HIGHLIGHT,NO_FEEDBACK,false,45
88,ML,valid-parentheses,easy,repeated_conceptual_error,CONCEPTUAL_HINT,NO_FEEDBACK,false,44
89,ML,valid-parentheses,easy,partial_logic,CONCEPTUAL_HINT,CONCEPTUAL_HINT,true,46
90,ML,valid-parentheses,easy,local_completion,NO_FEEDBACK,CONCEPTUAL_HINT,false,49
91,ML,binary-search,easy,syntax,CODE_HIGHLIGHT,CODE_HIGHLIGHT,true,42
92,ML,binary-search,easy,planning,GUIDING_QUESTION,GUIDING_QUESTION,true,50
93,ML,binary-search,easy,first_conceptual_error,CODE_HIGHLIGHT,CODE_HIGHLIGHT,true,44
94,ML,binary-search,easy,repeated_conceptual_error,CONCEPTUAL_HINT,CONCEPTUAL_HINT,true,47
95,ML,binary-search,easy,partial_logic,CONCEPTUAL_HINT,CONCEPTUAL_HINT,true,39
96,ML,binary-search,easy,local_completion,NO_FEEDBACK,NO_FEEDBACK,true,58
97,ML,merge-sorted-array,easy,syntax,CODE_HIGHLIGHT,CODE_HIGHLIGHT,true,56
98,ML,merge-sorted-array,easy,planning,GUIDING_QUESTION,GUIDING_QUESTION,true,45
99,ML,merge-sorted-array,easy,first_conceptual_error,CODE_HIGHLIGHT,CODE_HIGHLIGHT,true,47
100,ML,merge-sorted-array,easy,repeated_conceptual_error,CONCEPTUAL_HINT,CONCEPTUAL_HINT,true,48
101,ML,merge-sorted-array,easy,partial_logic,CONCEPTUAL_HINT,CONCEPTUAL_HINT,true,28
102,ML,merge-sorted-array,easy,local_completion,NO_FEEDBACK,NO_FEEDBACK,true,48
103,ML,trapping-rain-water,hard,syntax,CODE_HIGHLIGHT,CODE_HIGHLIGHT,true,29
104,ML,trapping-rain-water,hard,planning,GUIDING_QUESTION,GUIDING_QUESTION,true,49
105,ML,trapping-rain-water,hard,first_conceptual_error,CONCEPTUAL_HINT,CONCEPTUAL_HINT,true,43
106,ML,trapping-rain-water,hard,repeated_conceptual_error,CONCEPTUAL_HINT,CONCEPTUAL_HINT,true,46
107,ML,trapping-rain-water,hard,partial_logic,CONCEPTUAL_HINT,CONCEPTUAL_HINT,true,46
108,ML,trapping-rain-water,hard,local_completion,NO_FEEDBACK,CONCEPTUAL_HINT,false,45
109,ML,lru-cache,medium,syntax,CODE_HIGHLIGHT,CODE_HIGHLIGHT,true,50
110,ML,lru-cache,medium,planning,GUIDING_QUESTION,GUIDING_QUESTION,true,33
111,ML,lru-cache,medium,first_conceptual_error,CONCEPTUAL_HINT,NO_FEEDBACK,false,42
112,ML,lru-cache,medium,repeated_conceptual_error,CONCEPTUAL_HINT,NO_FEEDBACK,false,46
113,ML,lru-cache,medium,partial_logic,CONCEPTUAL_HINT,CONCEPTUAL_HINT,true,43
114,ML,lru-cache,medium,local_completion,NO_FEEDBACK,CONCEPTUAL_HINT,false,48
115,ML,longest-substring,medium,syntax,CODE_HIGHLIGHT,CODE_HIGHLIGHT,true,28
116,ML,longest-substring,medium,planning,GUIDING_QUESTION,GUIDING_QUESTION,true,49
117,ML,longest-substring,medium,first_conceptual_error,CODE_HIGHLIGHT,CODE_HIGHLIGHT,true,70
118,ML,longest-substring,medium,repeated_conceptual_error,CONCEPTUAL_HINT,CONCEPTUAL_HINT,true,62
119,ML,longest-substring,medium,partial_logic,CONCEPTUAL_HINT,CONCEPTUAL_HINT,true,29
120,ML,longest-substring,medium,local_completion,NO_FEEDBACK,NO_FEEDBACK,true,58
121,ML,reverse-linked-list,easy,syntax,CODE_HIGHLIGHT,CODE_HIGHLIGHT,true,41
122,ML,reverse-linked-list,easy,planning,GUIDING_QUESTION,GUIDING_QUESTION,true,46
123,ML,reverse-linked-list,easy,first_conceptual_error,CONCEPTUAL_HINT,CONCEPTUAL_HINT,true,49
124,ML,reverse-linked-list,easy,repeated_conceptual_error,CONCEPTUAL_HINT,CONCEPTUAL_HINT,true,28
125,ML,reverse-linked-list,easy,partial_logic,CONCEPTUAL_HINT,CONCEPTUAL_HINT,true,48
126,ML,reverse-linked-list,easy,local_completion,NO_FEEDBACK,NO_FEEDBACK,true,30
127,ML,matrix-diagonal-sum,easy,syntax,CODE_HIGHLIGHT,CODE_HIGHLIGHT,true,31
128,ML,matrix-diagonal-sum,easy,planning,GUIDING_QUESTION,GUIDING_QUESTION,true,54
129,ML,matrix-diagonal-sum,easy,first_conceptual_error,CODE_HIGHLIGHT,CODE_HIGHLIGHT,true,52
130,ML,matrix-diagonal-sum,easy,repeated_conceptual_error,CONCEPTUAL_HINT,CONCEPTUAL_HINT,true,48
131,ML,matrix-diagonal-sum,easy,partial_logic,CONCEPTUAL_HINT,CONCEPTUAL_HINT,true,44
132,ML,matrix-diagonal-sum,easy,local_completion,NO_FEEDBACK,NO_FEEDBACK,true,47
133,ML,roman-to-integer,easy,syntax,CODE_HIGHLIGHT,CODE_HIGHLIGHT,true,45
134,ML,roman-to-integer,easy,planning,GUIDING_QUESTION,GUIDING_QUESTION,true,46
135,ML,roman-to-integer,easy,first_conceptual_error,CODE_HIGHLIGHT,CODE_HIGHLIGHT,true,49
136,ML,roman-to-integer,easy,repeated_conceptual_error,CONCEPTUAL_HINT,CONCEPTUAL_HINT,true,29
137,ML,roman-to-integer,easy,partial_logic,CONCEPTUAL_HINT,CONCEPTUAL_HINT,true,47
138,ML,roman-to-integer,easy,local_completion,NO_FEEDBACK,NO_FEEDBACK,true,54
139,ML,climbing-stairs,easy,syntax,CODE_HIGHLIGHT,CODE_HIGHLIGHT,true,51
140,ML,climbing-stairs,easy,planning,GUIDING_QUESTION,GUIDING_QUESTION,true,48
141,ML,climbing-stairs,easy,first_conceptual_error,CONCEPTUAL_HINT,CONCEPTUAL_HINT,true,54
142,ML,climbing-stairs,easy,repeated_conceptual_error,CONCEPTUAL_HINT,CONCEPTUAL_HINT,true,54
143,ML,climbing-stairs,easy,partial_logic,CONCEPTUAL_HINT,CONCEPTUAL_HINT,true,47
144,ML,climbing-stairs,easy,local_completion,NO_FEEDBACK,CODE_HIGHLIGHT,false,29
145,ML,palindrome,easy,syntax,CODE_HIGHLIGHT,CODE_HIGHLIGHT,true,49
146,ML,palindrome,easy,planning,GUIDING_QUESTION,GUIDING_QUESTION,true,44
147,ML,palindrome,easy,first_conceptual_error,CODE_HIGHLIGHT,CODE_HIGHLIGHT,true,52
148,ML,palindrome,easy,repeated_conceptual_error,CONCEPTUAL_HINT,CONCEPTUAL_HINT,true,30
149,ML,palindrome,easy,partial_logic,CONCEPTUAL_HINT,CONCEPTUAL_HINT,true,44
150,ML,palindrome,easy,local_completion,NO_FEEDBACK,CONCEPTUAL_HINT,false,44
151,ML,two-sum,easy,syntax,CODE_HIGHLIGHT,CODE_HIGHLIGHT,true,48
152,ML,two-sum,easy,planning,GUIDING_QUESTION,GUIDING_QUESTION,true,28
153,ML,two-sum,easy,first_conceptual_error,CODE_HIGHLIGHT,CODE_HIGHLIGHT,true,50
154,ML,two-sum,easy,repeated_conceptual_error,CONCEPTUAL_HINT,CONCEPTUAL_HINT,true,44
155,ML,two-sum,easy,partial_logic,CONCEPTUAL_HINT,CONCEPTUAL_HINT,true,48
156,ML,two-sum,easy,local_completion,NO_FEEDBACK,NO_FEEDBACK,true,43
157,ML,valid-parentheses,easy,syntax,CODE_HIGHLIGHT,CODE_HIGHLIGHT,true,58
158,ML,valid-parentheses,easy,planning,GUIDING_QUESTION,GUIDING_QUESTION,true,51
159,ML,valid-parentheses,easy,first_conceptual_error,CODE_HIGHLIGHT,NO_FEEDBACK,false,56
160,ML,valid-parentheses,easy,repeated_conceptual_error,CONCEPTUAL_HINT,NO_FEEDBACK,false,50
161,ML,valid-parentheses,easy,partial_logic,CONCEPTUAL_HINT,CONCEPTUAL_HINT,true,47
162,ML,valid-parentheses,easy,local_completion,NO_FEEDBACK,CONCEPTUAL_HINT,false,48
163,ML,binary-search,easy,syntax,CODE_HIGHLIGHT,CODE_HIGHLIGHT,true,49
164,ML,binary-search,easy,planning,GUIDING_QUESTION,GUIDING_QUESTION,true,46
165,ML,binary-search,easy,first_conceptual_error,CODE_HIGHLIGHT,CODE_HIGHLIGHT,true,29
166,ML,binary-search,easy,repeated_conceptual_error,CONCEPTUAL_HINT,CONCEPTUAL_HINT,true,28
167,ML,binary-search,easy,partial_logic,CONCEPTUAL_HINT,CONCEPTUAL_HINT,true,47
168,ML,binary-search,easy,local_completion,NO_FEEDBACK,NO_FEEDBACK,true,50
169,ML,merge-sorted-array,easy,syntax,CODE_HIGHLIGHT,CODE_HIGHLIGHT,true,25
170,ML,merge-sorted-array,easy,planning,GUIDING_QUESTION,GUIDING_QUESTION,true,50
171,ML,merge-sorted-array,easy,first_conceptual_error,CODE_HIGHLIGHT,CODE_HIGHLIGHT,true,46
172,ML,merge-sorted-array,easy,repeated_conceptual_error,CONCEPTUAL_HINT,CONCEPTUAL_HINT,true,44
173,ML,merge-sorted-array,easy,partial_logic,CONCEPTUAL_HINT,CONCEPTUAL_HINT,true,30
174,ML,merge-sorted-array,easy,local_completion,NO_FEEDBACK,NO_FEEDBACK,true,49
175,ML,trapping-rain-water,hard,syntax,CODE_HIGHLIGHT,CODE_HIGHLIGHT,true,33
176,ML,trapping-rain-water,hard,planning,GUIDING_QUESTION,GUIDING_QUESTION,true,43
177,ML,trapping-rain-water,hard,first_conceptual_error,CONCEPTUAL_HINT,CONCEPTUAL_HINT,true,51
178,ML,trapping-rain-water,hard,repeated_conceptual_error,CONCEPTUAL_HINT,CONCEPTUAL_HINT,true,41
179,ML,trapping-rain-water,hard,partial_logic,CONCEPTUAL_HINT,CONCEPTUAL_HINT,true,46
180,ML,trapping-rain-water,hard,local_completion,NO_FEEDBACK,CONCEPTUAL_HINT,false,76
181,ML,lru-cache,medium,syntax,CODE_HIGHLIGHT,CODE_HIGHLIGHT,true,56
182,ML,lru-cache,medium,planning,GUIDING_QUESTION,GUIDING_QUESTION,true,56
183,ML,lru-cache,medium,first_conceptual_error,CONCEPTUAL_HINT,NO_FEEDBACK,false,42
184,ML,lru-cache,medium,repeated_conceptual_error,CONCEPTUAL_HINT,NO_FEEDBACK,false,51
185,ML,lru-cache,medium,partial_logic,CONCEPTUAL_HINT,CONCEPTUAL_HINT,true,46
186,ML,lru-cache,medium,local_completion,NO_FEEDBACK,CONCEPTUAL_HINT,false,45
187,ML,longest-substring,medium,syntax,CODE_HIGHLIGHT,CODE_HIGHLIGHT,true,43
188,ML,longest-substring,medium,planning,GUIDING_QUESTION,GUIDING_QUESTION,true,49
189,ML,longest-substring,medium,first_conceptual_error,CODE_HIGHLIGHT,CODE_HIGHLIGHT,true,44
190,ML,longest-substring,medium,repeated_conceptual_error,CONCEPTUAL_HINT,CONCEPTUAL_HINT,true,46
191,ML,longest-substring,medium,partial_logic,CONCEPTUAL_HINT,CONCEPTUAL_HINT,true,48
192,ML,longest-substring,medium,local_completion,NO_FEEDBACK,NO_FEEDBACK,true,46
193,ML,reverse-linked-list,easy,syntax,CODE_HIGHLIGHT,CODE_HIGHLIGHT,true,29
194,ML,reverse-linked-list,easy,planning,GUIDING_QUESTION,GUIDING_QUESTION,true,45
195,ML,reverse-linked-list,easy,first_conceptual_error,CONCEPTUAL_HINT,CONCEPTUAL_HINT,true,49
196,ML,reverse-linked-list,easy,repeated_conceptual_error,CONCEPTUAL_HINT,CONCEPTUAL_HINT,true,46
197,ML,reverse-linked-list,easy,partial_logic,CONCEPTUAL_HINT,CONCEPTUAL_HINT,true,28
198,ML,reverse-linked-list,easy,local_completion,NO_FEEDBACK,NO_FEEDBACK,true,47
199,ML,matrix-diagonal-sum,easy,syntax,CODE_HIGHLIGHT,CODE_HIGHLIGHT,true,44
200,ML,matrix-diagonal-sum,easy,planning,GUIDING_QUESTION,GUIDING_QUESTION,true,27
201,ML,matrix-diagonal-sum,easy,first_conceptual_error,CODE_HIGHLIGHT,CODE_HIGHLIGHT,true,52
202,ML,matrix-diagonal-sum,easy,repeated_conceptual_error,CONCEPTUAL_HINT,CONCEPTUAL_HINT,true,49
203,ML,matrix-diagonal-sum,easy,partial_logic,CONCEPTUAL_HINT,CONCEPTUAL_HINT,true,54
204,ML,matrix-diagonal-sum,easy,local_completion,NO_FEEDBACK,NO_FEEDBACK,true,51
205,ML,roman-to-integer,easy,syntax,CODE_HIGHLIGHT,CODE_HIGHLIGHT,true,47
206,ML,roman-to-integer,easy,planning,GUIDING_QUESTION,GUIDING_QUESTION,true,46
207,ML,roman-to-integer,easy,first_conceptual_error,CODE_HIGHLIGHT,CODE_HIGHLIGHT,true,45
208,ML,roman-to-integer,easy,repeated_conceptual_error,CONCEPTUAL_HINT,CONCEPTUAL_HINT,true,30
209,ML,roman-to-integer,easy,partial_logic,CONCEPTUAL_HINT,CONCEPTUAL_HINT,true,28
210,ML,roman-to-integer,easy,local_completion,NO_FEEDBACK,NO_FEEDBACK,true,30
211,ML,climbing-stairs,easy,syntax,CODE_HIGHLIGHT,CODE_HIGHLIGHT,true,50
212,ML,climbing-stairs,easy,planning,GUIDING_QUESTION,GUIDING_QUESTION,true,46
213,ML,climbing-stairs,easy,first_conceptual_error,CONCEPTUAL_HINT,CONCEPTUAL_HINT,true,51
214,ML,climbing-stairs,easy,repeated_conceptual_error,CONCEPTUAL_HINT,CONCEPTUAL_HINT,true,43
215,ML,climbing-stairs,easy,partial_logic,CONCEPTUAL_HINT,CONCEPTUAL_HINT,true,46
216,ML,climbing-stairs,easy,local_completion,NO_FEEDBACK,CODE_HIGHLIGHT,false,28
217,ML,palindrome,easy,syntax,CODE_HIGHLIGHT,CODE_HIGHLIGHT,true,47
218,ML,palindrome,easy,planning,GUIDING_QUESTION,GUIDING_QUESTION,true,51
219,ML,palindrome,easy,first_conceptual_error,CODE_HIGHLIGHT,CODE_HIGHLIGHT,true,29
220,ML,palindrome,easy,repeated_conceptual_error,CONCEPTUAL_HINT,CONCEPTUAL_HINT,true,49
221,ML,palindrome,easy,partial_logic,CONCEPTUAL_HINT,CONCEPTUAL_HINT,true,42
222,ML,palindrome,easy,local_completion,NO_FEEDBACK,CONCEPTUAL_HINT,false,49
223,ML,two-sum,easy,syntax,CODE_HIGHLIGHT,CODE_HIGHLIGHT,true,42
224,ML,two-sum,easy,planning,GUIDING_QUESTION,GUIDING_QUESTION,true,58
225,ML,two-sum,easy,first_conceptual_error,CODE_HIGHLIGHT,CODE_HIGHLIGHT,true,51
226,ML,two-sum,easy,repeated_conceptual_error,CONCEPTUAL_HINT,CONCEPTUAL_HINT,true,45
227,ML,two-sum,easy,partial_logic,CONCEPTUAL_HINT,CONCEPTUAL_HINT,true,45
228,ML,two-sum,easy,local_completion,NO_FEEDBACK,NO_FEEDBACK,true,48
229,ML,valid-parentheses,easy,syntax,CODE_HIGHLIGHT,CODE_HIGHLIGHT,true,48
230,ML,valid-parentheses,easy,planning,GUIDING_QUESTION,GUIDING_QUESTION,true,49
231,ML,valid-parentheses,easy,first_conceptual_error,CODE_HIGHLIGHT,NO_FEEDBACK,false,43
232,ML,valid-parentheses,easy,repeated_conceptual_error,CONCEPTUAL_HINT,NO_FEEDBACK,false,47
233,ML,valid-parentheses,easy,partial_logic,CONCEPTUAL_HINT,CONCEPTUAL_HINT,true,42
234,ML,valid-parentheses,easy,local_completion,NO_FEEDBACK,CONCEPTUAL_HINT,false,46
235,ML,binary-search,easy,syntax,CODE_HIGHLIGHT,CODE_HIGHLIGHT,true,27
236,ML,binary-search,easy,planning,GUIDING_QUESTION,GUIDING_QUESTION,true,32
237,ML,binary-search,easy,first_conceptual_error,CODE_HIGHLIGHT,CODE_HIGHLIGHT,true,50
238,ML,binary-search,easy,repeated_conceptual_error,CONCEPTUAL_HINT,CONCEPTUAL_HINT,true,46
239,ML,binary-search,easy,partial_logic,CONCEPTUAL_HINT,CONCEPTUAL_HINT,true,48
240,ML,binary-search,easy,local_completion,NO_FEEDBACK,NO_FEEDBACK,true,46
241,ML,merge-sorted-array,easy,syntax,CODE_HIGHLIGHT,CODE_HIGHLIGHT,true,43
242,ML,merge-sorted-array,easy,planning,GUIDING_QUESTION,GUIDING_QUESTION,true,32
243,ML,merge-sorted-array,easy,first_conceptual_error,CODE_HIGHLIGHT,CODE_HIGHLIGHT,true,47
244,ML,merge-sorted-array,easy,repeated_conceptual_error,CONCEPTUAL_HINT,CONCEPTUAL_HINT,true,49
245,ML,merge-sorted-array,easy,partial_logic,CONCEPTUAL_HINT,CONCEPTUAL_HINT,true,84
246,ML,merge-sorted-array,easy,local_completion,NO_FEEDBACK,NO_FEEDBACK,true,63
247,ML,trapping-rain-water,hard,syntax,CODE_HIGHLIGHT,CODE_HIGHLIGHT,true,47
248,ML,trapping-rain-water,hard,planning,GUIDING_QUESTION,GUIDING_QUESTION,true,28
249,ML,trapping-rain-water,hard,first_conceptual_error,CONCEPTUAL_HINT,CONCEPTUAL_HINT,true,48
250,ML,trapping-rain-water,hard,repeated_conceptual_error,CONCEPTUAL_HINT,CONCEPTUAL_HINT,true,30
251,ML,trapping-rain-water,hard,partial_logic,CONCEPTUAL_HINT,CONCEPTUAL_HINT,true,46
252,ML,trapping-rain-water,hard,local_completion,NO_FEEDBACK,CONCEPTUAL_HINT,false,45
253,ML,lru-cache,medium,syntax,CODE_HIGHLIGHT,CODE_HIGHLIGHT,true,46
254,ML,lru-cache,medium,planning,GUIDING_QUESTION,GUIDING_QUESTION,true,50
255,ML,lru-cache,medium,first_conceptual_error,CONCEPTUAL_HINT,NO_FEEDBACK,false,29
256,ML,lru-cache,medium,repeated_conceptual_error,CONCEPTUAL_HINT,NO_FEEDBACK,false,49
257,ML,lru-cache,medium,partial_logic,CONCEPTUAL_HINT,CONCEPTUAL_HINT,true,47
258,ML,lru-cache,medium,local_completion,NO_FEEDBACK,CONCEPTUAL_HINT,false,40
259,ML,longest-substring,medium,syntax,CODE_HIGHLIGHT,CODE_HIGHLIGHT,true,47
260,ML,longest-substring,medium,planning,GUIDING_QUESTION,GUIDING_QUESTION,true,47
261,ML,longest-substring,medium,first_conceptual_error,CODE_HIGHLIGHT,CODE_HIGHLIGHT,true,49
262,ML,longest-substring,medium,repeated_conceptual_error,CONCEPTUAL_HINT,CONCEPTUAL_HINT,true,42
263,ML,longest-substring,medium,partial_logic,CONCEPTUAL_HINT,CONCEPTUAL_HINT,true,48
264,ML,longest-substring,medium,local_completion,NO_FEEDBACK,NO_FEEDBACK,true,44
265,ML,reverse-linked-list,easy,syntax,CODE_HIGHLIGHT,CODE_HIGHLIGHT,true,44
266,ML,reverse-linked-list,easy,planning,GUIDING_QUESTION,GUIDING_QUESTION,true,52
267,ML,reverse-linked-list,easy,first_conceptual_error,CONCEPTUAL_HINT,CONCEPTUAL_HINT,true,53
268,ML,reverse-linked-list,easy,repeated_conceptual_error,CONCEPTUAL_HINT,CONCEPTUAL_HINT,true,28
269,ML,reverse-linked-list,easy,partial_logic,CONCEPTUAL_HINT,CONCEPTUAL_HINT,true,38
270,ML,reverse-linked-list,easy,local_completion,NO_FEEDBACK,NO_FEEDBACK,true,47
271,ML,matrix-diagonal-sum,easy,syntax,CODE_HIGHLIGHT,CODE_HIGHLIGHT,true,46
272,ML,matrix-diagonal-sum,easy,planning,GUIDING_QUESTION,GUIDING_QUESTION,true,45
273,ML,matrix-diagonal-sum,easy,first_conceptual_error,CODE_HIGHLIGHT,CODE_HIGHLIGHT,true,49
274,ML,matrix-diagonal-sum,easy,repeated_conceptual_error,CONCEPTUAL_HINT,CONCEPTUAL_HINT,true,44
275,ML,matrix-diagonal-sum,easy,partial_logic,CONCEPTUAL_HINT,CONCEPTUAL_HINT,true,47
276,ML,matrix-diagonal-sum,easy,local_completion,NO_FEEDBACK,NO_FEEDBACK,true,46
277,ML,roman-to-integer,easy,syntax,CODE_HIGHLIGHT,CODE_HIGHLIGHT,true,28
278,ML,roman-to-integer,easy,planning,GUIDING_QUESTION,GUIDING_QUESTION,true,48
279,ML,roman-to-integer,easy,first_conceptual_error,CODE_HIGHLIGHT,CODE_HIGHLIGHT,true,48
280,ML,roman-to-integer,easy,repeated_conceptual_error,CONCEPTUAL_HINT,CONCEPTUAL_HINT,true,49
281,ML,roman-to-integer,easy,partial_logic,CONCEPTUAL_HINT,CONCEPTUAL_HINT,true,43
282,ML,roman-to-integer,easy,local_completion,NO_FEEDBACK,NO_FEEDBACK,true,47
283,ML,climbing-stairs,easy,syntax,CODE_HIGHLIGHT,CODE_HIGHLIGHT,true,31
284,ML,climbing-stairs,easy,planning,GUIDING_QUESTION,GUIDING_QUESTION,true,70
285,ML,climbing-stairs,easy,first_conceptual_error,CONCEPTUAL_HINT,CONCEPTUAL_HINT,true,53
286,ML,climbing-stairs,easy,repeated_conceptual_error,CONCEPTUAL_HINT,CONCEPTUAL_HINT,true,46
287,ML,climbing-stairs,easy,partial_logic,CONCEPTUAL_HINT,CONCEPTUAL_HINT,true,46
288,ML,climbing-stairs,easy,local_completion,NO_FEEDBACK,CODE_HIGHLIGHT,false,71
1,NO_POLICY,palindrome,easy,syntax,CODE_HIGHLIGHT,CONCEPTUAL_HINT,false,294
2,NO_POLICY,palindrome,easy,planning,GUIDING_QUESTION,CONCEPTUAL_HINT,false,122
3,NO_POLICY,palindrome,easy,first_conceptual_error,CODE_HIGHLIGHT,CONCEPTUAL_HINT,false,91
4,NO_POLICY,palindrome,easy,repeated_conceptual_error,CONCEPTUAL_HINT,CONCEPTUAL_HINT,true,68
5,NO_POLICY,palindrome,easy,partial_logic,CONCEPTUAL_HINT,CONCEPTUAL_HINT,true,51
6,NO_POLICY,palindrome,easy,local_completion,NO_FEEDBACK,CONCEPTUAL_HINT,false,65
7,NO_POLICY,two-sum,easy,syntax,CODE_HIGHLIGHT,CONCEPTUAL_HINT,false,53
8,NO_POLICY,two-sum,easy,planning,GUIDING_QUESTION,CONCEPTUAL_HINT,false,66
9,NO_POLICY,two-sum,easy,first_conceptual_error,CODE_HIGHLIGHT,CONCEPTUAL_HINT,false,58
10,NO_POLICY,two-sum,easy,repeated_conceptual_error,CONCEPTUAL_HINT,CONCEPTUAL_HINT,true,67
11,NO_POLICY,two-sum,easy,partial_logic,CONCEPTUAL_HINT,CONCEPTUAL_HINT,true,53
12,NO_POLICY,two-sum,easy,local_completion,NO_FEEDBACK,CONCEPTUAL_HINT,false,63
13,NO_POLICY,valid-parentheses,easy,syntax,CODE_HIGHLIGHT,CONCEPTUAL_HINT,false,57
14,NO_POLICY,valid-parentheses,easy,planning,GUIDING_QUESTION,CONCEPTUAL_HINT,false,35
15,NO_POLICY,valid-parentheses,easy,first_conceptual_error,CODE_HIGHLIGHT,CONCEPTUAL_HINT,false,61
16,NO_POLICY,valid-parentheses,easy,repeated_conceptual_error,CONCEPTUAL_HINT,CONCEPTUAL_HINT,true,65
17,NO_POLICY,valid-parentheses,easy,partial_logic,CONCEPTUAL_HINT,CONCEPTUAL_HINT,true,60
18,NO_POLICY,valid-parentheses,easy,local_completion,NO_FEEDBACK,CONCEPTUAL_HINT,false,62
19,NO_POLICY,binary-search,easy,syntax,CODE_HIGHLIGHT,CONCEPTUAL_HINT,false,59
20,NO_POLICY,binary-search,easy,planning,GUIDING_QUESTION,CONCEPTUAL_HINT,false,36
21,NO_POLICY,binary-search,easy,first_conceptual_error,CODE_HIGHLIGHT,CONCEPTUAL_HINT,false,55
22,NO_POLICY,binary-search,easy,repeated_conceptual_error,CONCEPTUAL_HINT,CONCEPTUAL_HINT,true,61
23,NO_POLICY,binary-search,easy,partial_logic,CONCEPTUAL_HINT,CONCEPTUAL_HINT,true,56
24,NO_POLICY,binary-search,easy,local_completion,NO_FEEDBACK,CONCEPTUAL_HINT,false,50
25,NO_POLICY,merge-sorted-array,easy,syntax,CODE_HIGHLIGHT,CONCEPTUAL_HINT,false,45
26,NO_POLICY,merge-sorted-array,easy,planning,GUIDING_QUESTION,CONCEPTUAL_HINT,false,34
27,NO_POLICY,merge-sorted-array,easy,first_conceptual_error,CODE_HIGHLIGHT,CONCEPTUAL_HINT,false,56
28,NO_POLICY,merge-sorted-array,easy,repeated_conceptual_error,CONCEPTUAL_HINT,CONCEPTUAL_HINT,true,49
29,NO_POLICY,merge-sorted-array,easy,partial_logic,CONCEPTUAL_HINT,CONCEPTUAL_HINT,true,41
30,NO_POLICY,merge-sorted-array,easy,local_completion,NO_FEEDBACK,CONCEPTUAL_HINT,false,37
31,NO_POLICY,trapping-rain-water,hard,syntax,CODE_HIGHLIGHT,CONCEPTUAL_HINT,false,60
32,NO_POLICY,trapping-rain-water,hard,planning,GUIDING_QUESTION,CONCEPTUAL_HINT,false,42
33,NO_POLICY,trapping-rain-water,hard,first_conceptual_error,CONCEPTUAL_HINT,CONCEPTUAL_HINT,true,47
34,NO_POLICY,trapping-rain-water,hard,repeated_conceptual_error,CONCEPTUAL_HINT,CONCEPTUAL_HINT,true,46
35,NO_POLICY,trapping-rain-water,hard,partial_logic,CONCEPTUAL_HINT,CONCEPTUAL_HINT,true,44
36,NO_POLICY,trapping-rain-water,hard,local_completion,NO_FEEDBACK,CONCEPTUAL_HINT,false,34
37,NO_POLICY,lru-cache,medium,syntax,CODE_HIGHLIGHT,CONCEPTUAL_HINT,false,52
38,NO_POLICY,lru-cache,medium,planning,GUIDING_QUESTION,CONCEPTUAL_HINT,false,32
39,NO_POLICY,lru-cache,medium,first_conceptual_error,CONCEPTUAL_HINT,CONCEPTUAL_HINT,true,52
40,NO_POLICY,lru-cache,medium,repeated_conceptual_error,CONCEPTUAL_HINT,CONCEPTUAL_HINT,true,47
41,NO_POLICY,lru-cache,medium,partial_logic,CONCEPTUAL_HINT,CONCEPTUAL_HINT,true,31
42,NO_POLICY,lru-cache,medium,local_completion,NO_FEEDBACK,CONCEPTUAL_HINT,false,46
43,NO_POLICY,longest-substring,medium,syntax,CODE_HIGHLIGHT,CONCEPTUAL_HINT,false,42
44,NO_POLICY,longest-substring,medium,planning,GUIDING_QUESTION,CONCEPTUAL_HINT,false,47
45,NO_POLICY,longest-substring,medium,first_conceptual_error,CODE_HIGHLIGHT,CONCEPTUAL_HINT,false,46
46,NO_POLICY,longest-substring,medium,repeated_conceptual_error,CONCEPTUAL_HINT,CONCEPTUAL_HINT,true,46
47,NO_POLICY,longest-substring,medium,partial_logic,CONCEPTUAL_HINT,CONCEPTUAL_HINT,true,47
48,NO_POLICY,longest-substring,medium,local_completion,NO_FEEDBACK,CONCEPTUAL_HINT,false,47
49,NO_POLICY,reverse-linked-list,easy,syntax,CODE_HIGHLIGHT,CONCEPTUAL_HINT,false,46
50,NO_POLICY,reverse-linked-list,easy,planning,GUIDING_QUESTION,CONCEPTUAL_HINT,false,44
51,NO_POLICY,reverse-linked-list,easy,first_conceptual_error,CONCEPTUAL_HINT,CONCEPTUAL_HINT,true,49
52,NO_POLICY,reverse-linked-list,easy,repeated_conceptual_error,CONCEPTUAL_HINT,CONCEPTUAL_HINT,true,30
53,NO_POLICY,reverse-linked-list,easy,partial_logic,CONCEPTUAL_HINT,CONCEPTUAL_HINT,true,49
54,NO_POLICY,reverse-linked-list,easy,local_completion,NO_FEEDBACK,CONCEPTUAL_HINT,false,31
55,NO_POLICY,matrix-diagonal-sum,easy,syntax,CODE_HIGHLIGHT,CONCEPTUAL_HINT,false,42
56,NO_POLICY,matrix-diagonal-sum,easy,planning,GUIDING_QUESTION,CONCEPTUAL_HINT,false,50
57,NO_POLICY,matrix-diagonal-sum,easy,first_conceptual_error,CODE_HIGHLIGHT,CONCEPTUAL_HINT,false,42
58,NO_POLICY,matrix-diagonal-sum,easy,repeated_conceptual_error,CONCEPTUAL_HINT,CONCEPTUAL_HINT,true,67
59,NO_POLICY,matrix-diagonal-sum,easy,partial_logic,CONCEPTUAL_HINT,CONCEPTUAL_HINT,true,50
60,NO_POLICY,matrix-diagonal-sum,easy,local_completion,NO_FEEDBACK,CONCEPTUAL_HINT,false,70
61,NO_POLICY,roman-to-integer,easy,syntax,CODE_HIGHLIGHT,CONCEPTUAL_HINT,false,58
62,NO_POLICY,roman-to-integer,easy,planning,GUIDING_QUESTION,CONCEPTUAL_HINT,false,34
63,NO_POLICY,roman-to-integer,easy,first_conceptual_error,CODE_HIGHLIGHT,CONCEPTUAL_HINT,false,50
64,NO_POLICY,roman-to-integer,easy,repeated_conceptual_error,CONCEPTUAL_HINT,CONCEPTUAL_HINT,true,68
65,NO_POLICY,roman-to-integer,easy,partial_logic,CONCEPTUAL_HINT,CONCEPTUAL_HINT,true,58
66,NO_POLICY,roman-to-integer,easy,local_completion,NO_FEEDBACK,CONCEPTUAL_HINT,false,61
67,NO_POLICY,climbing-stairs,easy,syntax,CODE_HIGHLIGHT,CONCEPTUAL_HINT,false,59
68,NO_POLICY,climbing-stairs,easy,planning,GUIDING_QUESTION,CONCEPTUAL_HINT,false,41
69,NO_POLICY,climbing-stairs,easy,first_conceptual_error,CONCEPTUAL_HINT,CONCEPTUAL_HINT,true,53
70,NO_POLICY,climbing-stairs,easy,repeated_conceptual_error,CONCEPTUAL_HINT,CONCEPTUAL_HINT,true,45
71,NO_POLICY,climbing-stairs,easy,partial_logic,CONCEPTUAL_HINT,CONCEPTUAL_HINT,true,50
72,NO_POLICY,climbing-stairs,easy,local_completion,NO_FEEDBACK,CONCEPTUAL_HINT,false,63
73,NO_POLICY,palindrome,easy,syntax,CODE_HIGHLIGHT,CONCEPTUAL_HINT,false,59
74,NO_POLICY,palindrome,easy,planning,GUIDING_QUESTION,CONCEPTUAL_HINT,false,46
75,NO_POLICY,palindrome,easy,first_conceptual_error,CODE_HIGHLIGHT,CONCEPTUAL_HINT,false,46
76,NO_POLICY,palindrome,easy,repeated_conceptual_error,CONCEPTUAL_HINT,CONCEPTUAL_HINT,true,34
77,NO_POLICY,palindrome,easy,partial_logic,CONCEPTUAL_HINT,CONCEPTUAL_HINT,true,59
78,NO_POLICY,palindrome,easy,local_completion,NO_FEEDBACK,CONCEPTUAL_HINT,false,47
79,NO_POLICY,two-sum,easy,syntax,CODE_HIGHLIGHT,CONCEPTUAL_HINT,false,45
80,NO_POLICY,two-sum,easy,planning,GUIDING_QUESTION,CONCEPTUAL_HINT,false,49
81,NO_POLICY,two-sum,easy,first_conceptual_error,CODE_HIGHLIGHT,CONCEPTUAL_HINT,false,53
82,NO_POLICY,two-sum,easy,repeated_conceptual_error,CONCEPTUAL_HINT,CONCEPTUAL_HINT,true,27
83,NO_POLICY,two-sum,easy,partial_logic,CONCEPTUAL_HINT,CONCEPTUAL_HINT,true,50
84,NO_POLICY,two-sum,easy,local_completion,NO_FEEDBACK,CONCEPTUAL_HINT,false,29
85,NO_POLICY,valid-parentheses,easy,syntax,CODE_HIGHLIGHT,CONCEPTUAL_HINT,false,47
86,NO_POLICY,valid-parentheses,easy,planning,GUIDING_QUESTION,CONCEPTUAL_HINT,false,50
87,NO_POLICY,valid-parentheses,easy,first_conceptual_error,CODE_HIGHLIGHT,CONCEPTUAL_HINT,false,41
88,NO_POLICY,valid-parentheses,easy,repeated_conceptual_error,CONCEPTUAL_HINT,CONCEPTUAL_HINT,true,48
89,NO_POLICY,valid-parentheses,easy,partial_logic,CONCEPTUAL_HINT,CONCEPTUAL_HINT,true,47
90,NO_POLICY,valid-parentheses,easy,local_completion,NO_FEEDBACK,CONCEPTUAL_HINT,false,45
91,NO_POLICY,binary-search,easy,syntax,CODE_HIGHLIGHT,CONCEPTUAL_HINT,false,53
92,NO_POLICY,binary-search,easy,planning,GUIDING_QUESTION,CONCEPTUAL_HINT,false,28
93,NO_POLICY,binary-search,easy,first_conceptual_error,CODE_HIGHLIGHT,CONCEPTUAL_HINT,false,47
94,NO_POLICY,binary-search,easy,repeated_conceptual_error,CONCEPTUAL_HINT,CONCEPTUAL_HINT,true,43
95,NO_POLICY,binary-search,easy,partial_logic,CONCEPTUAL_HINT,CONCEPTUAL_HINT,true,29
96,NO_POLICY,binary-search,easy,local_completion,NO_FEEDBACK,CONCEPTUAL_HINT,false,47
97,NO_POLICY,merge-sorted-array,easy,syntax,CODE_HIGHLIGHT,CONCEPTUAL_HINT,false,44
98,NO_POLICY,merge-sorted-array,easy,planning,GUIDING_QUESTION,CONCEPTUAL_HINT,false,52
99,NO_POLICY,merge-sorted-array,easy,first_conceptual_error,CODE_HIGHLIGHT,CONCEPTUAL_HINT,false,50
100,NO_POLICY,merge-sorted-array,easy,repeated_conceptual_error,CONCEPTUAL_HINT,CONCEPTUAL_HINT,true,27
101,NO_POLICY,merge-sorted-array,easy,partial_logic,CONCEPTUAL_HINT,CONCEPTUAL_HINT,true,25
102,NO_POLICY,merge-sorted-array,easy,local_completion,NO_FEEDBACK,CONCEPTUAL_HINT,false,50
103,NO_POLICY,trapping-rain-water,hard,syntax,CODE_HIGHLIGHT,CONCEPTUAL_HINT,false,42
104,NO_POLICY,trapping-rain-water,hard,planning,GUIDING_QUESTION,CONCEPTUAL_HINT,false,48
105,NO_POLICY,trapping-rain-water,hard,first_conceptual_error,CONCEPTUAL_HINT,CONCEPTUAL_HINT,true,49
106,NO_POLICY,trapping-rain-water,hard,repeated_conceptual_error,CONCEPTUAL_HINT,CONCEPTUAL_HINT,true,44
107,NO_POLICY,trapping-rain-water,hard,partial_logic,CONCEPTUAL_HINT,CONCEPTUAL_HINT,true,46
108,NO_POLICY,trapping-rain-water,hard,local_completion,NO_FEEDBACK,CONCEPTUAL_HINT,false,45
109,NO_POLICY,lru-cache,medium,syntax,CODE_HIGHLIGHT,CONCEPTUAL_HINT,false,46
110,NO_POLICY,lru-cache,medium,planning,GUIDING_QUESTION,CONCEPTUAL_HINT,false,52
111,NO_POLICY,lru-cache,medium,first_conceptual_error,CONCEPTUAL_HINT,CONCEPTUAL_HINT,true,41
112,NO_POLICY,lru-cache,medium,repeated_conceptual_error,CONCEPTUAL_HINT,CONCEPTUAL_HINT,true,46
113,NO_POLICY,lru-cache,medium,partial_logic,CONCEPTUAL_HINT,CONCEPTUAL_HINT,true,48
114,NO_POLICY,lru-cache,medium,local_completion,NO_FEEDBACK,CONCEPTUAL_HINT,false,46
115,NO_POLICY,longest-substring,medium,syntax,CODE_HIGHLIGHT,CONCEPTUAL_HINT,false,27
116,NO_POLICY,longest-substring,medium,planning,GUIDING_QUESTION,CONCEPTUAL_HINT,false,31
117,NO_POLICY,longest-substring,medium,first_conceptual_error,CODE_HIGHLIGHT,CONCEPTUAL_HINT,false,33
118,NO_POLICY,longest-substring,medium,repeated_conceptual_error,CONCEPTUAL_HINT,CONCEPTUAL_HINT,true,50
119,NO_POLICY,longest-substring,medium,partial_logic,CONCEPTUAL_HINT,CONCEPTUAL_HINT,true,43
120,NO_POLICY,longest-substring,medium,local_completion,NO_FEEDBACK,CONCEPTUAL_HINT,false,71
121,NO_POLICY,reverse-linked-list,easy,syntax,CODE_HIGHLIGHT,CONCEPTUAL_HINT,false,57
122,NO_POLICY,reverse-linked-list,easy,planning,GUIDING_QUESTION,CONCEPTUAL_HINT,false,42
123,NO_POLICY,reverse-linked-list,easy,first_conceptual_error,CONCEPTUAL_HINT,CONCEPTUAL_HINT,true,44
124,NO_POLICY,reverse-linked-list,easy,repeated_conceptual_error,CONCEPTUAL_HINT,CONCEPTUAL_HINT,true,26
125,NO_POLICY,reverse-linked-list,easy,partial_logic,CONCEPTUAL_HINT,CONCEPTUAL_HINT,true,51
126,NO_POLICY,reverse-linked-list,easy,local_completion,NO_FEEDBACK,CONCEPTUAL_HINT,false,56
127,NO_POLICY,matrix-diagonal-sum,easy,syntax,CODE_HIGHLIGHT,CONCEPTUAL_HINT,false,31
128,NO_POLICY,matrix-diagonal-sum,easy,planning,GUIDING_QUESTION,CONCEPTUAL_HINT,false,63
129,NO_POLICY,matrix-diagonal-sum,easy,first_conceptual_error,CODE_HIGHLIGHT,CONCEPTUAL_HINT,false,54
130,NO_POLICY,matrix-diagonal-sum,easy,repeated_conceptual_error,CONCEPTUAL_HINT,CONCEPTUAL_HINT,true,43
131,NO_POLICY,matrix-diagonal-sum,easy,partial_logic,CONCEPTUAL_HINT,CONCEPTUAL_HINT,true,47
132,NO_POLICY,matrix-diagonal-sum,easy,local_completion,NO_FEEDBACK,CONCEPTUAL_HINT,false,32
133,NO_POLICY,roman-to-integer,easy,syntax,CODE_HIGHLIGHT,CONCEPTUAL_HINT,false,41
134,NO_POLICY,roman-to-integer,easy,planning,GUIDING_QUESTION,CONCEPTUAL_HINT,false,48
135,NO_POLICY,roman-to-integer,easy,first_conceptual_error,CODE_HIGHLIGHT,CONCEPTUAL_HINT,false,45
136,NO_POLICY,roman-to-integer,easy,repeated_conceptual_error,CONCEPTUAL_HINT,CONCEPTUAL_HINT,true,48
137,NO_POLICY,roman-to-integer,easy,partial_logic,CONCEPTUAL_HINT,CONCEPTUAL_HINT,true,43
138,NO_POLICY,roman-to-integer,easy,local_completion,NO_FEEDBACK,CONCEPTUAL_HINT,false,47
139,NO_POLICY,climbing-stairs,easy,syntax,CODE_HIGHLIGHT,CONCEPTUAL_HINT,false,45
140,NO_POLICY,climbing-stairs,easy,planning,GUIDING_QUESTION,CONCEPTUAL_HINT,false,48
141,NO_POLICY,climbing-stairs,easy,first_conceptual_error,CONCEPTUAL_HINT,CONCEPTUAL_HINT,true,48
142,NO_POLICY,climbing-stairs,easy,repeated_conceptual_error,CONCEPTUAL_HINT,CONCEPTUAL_HINT,true,43
143,NO_POLICY,climbing-stairs,easy,partial_logic,CONCEPTUAL_HINT,CONCEPTUAL_HINT,true,53
144,NO_POLICY,climbing-stairs,easy,local_completion,NO_FEEDBACK,CONCEPTUAL_HINT,false,26
145,NO_POLICY,palindrome,easy,syntax,CODE_HIGHLIGHT,CONCEPTUAL_HINT,false,45
146,NO_POLICY,palindrome,easy,planning,GUIDING_QUESTION,CONCEPTUAL_HINT,false,26
147,NO_POLICY,palindrome,easy,first_conceptual_error,CODE_HIGHLIGHT,CONCEPTUAL_HINT,false,60
148,NO_POLICY,palindrome,easy,repeated_conceptual_error,CONCEPTUAL_HINT,CONCEPTUAL_HINT,true,39
149,NO_POLICY,palindrome,easy,partial_logic,CONCEPTUAL_HINT,CONCEPTUAL_HINT,true,26
150,NO_POLICY,palindrome,easy,local_completion,NO_FEEDBACK,CONCEPTUAL_HINT,false,55
151,NO_POLICY,two-sum,easy,syntax,CODE_HIGHLIGHT,CONCEPTUAL_HINT,false,42
152,NO_POLICY,two-sum,easy,planning,GUIDING_QUESTION,CONCEPTUAL_HINT,false,46
153,NO_POLICY,two-sum,easy,first_conceptual_error,CODE_HIGHLIGHT,CONCEPTUAL_HINT,false,48
154,NO_POLICY,two-sum,easy,repeated_conceptual_error,CONCEPTUAL_HINT,CONCEPTUAL_HINT,true,48
155,NO_POLICY,two-sum,easy,partial_logic,CONCEPTUAL_HINT,CONCEPTUAL_HINT,true,27
156,NO_POLICY,two-sum,easy,local_completion,NO_FEEDBACK,CONCEPTUAL_HINT,false,50
157,NO_POLICY,valid-parentheses,easy,syntax,CODE_HIGHLIGHT,CONCEPTUAL_HINT,false,42
158,NO_POLICY,valid-parentheses,easy,planning,GUIDING_QUESTION,CONCEPTUAL_HINT,false,49
159,NO_POLICY,valid-parentheses,easy,first_conceptual_error,CODE_HIGHLIGHT,CONCEPTUAL_HINT,false,46
160,NO_POLICY,valid-parentheses,easy,repeated_conceptual_error,CONCEPTUAL_HINT,CONCEPTUAL_HINT,true,46
161,NO_POLICY,valid-parentheses,easy,partial_logic,CONCEPTUAL_HINT,CONCEPTUAL_HINT,true,46
162,NO_POLICY,valid-parentheses,easy,local_completion,NO_FEEDBACK,CONCEPTUAL_HINT,false,46
163,NO_POLICY,binary-search,easy,syntax,CODE_HIGHLIGHT,CONCEPTUAL_HINT,false,46
164,NO_POLICY,binary-search,easy,planning,GUIDING_QUESTION,CONCEPTUAL_HINT,false,49
165,NO_POLICY,binary-search,easy,first_conceptual_error,CODE_HIGHLIGHT,CONCEPTUAL_HINT,false,52
166,NO_POLICY,binary-search,easy,repeated_conceptual_error,CONCEPTUAL_HINT,CONCEPTUAL_HINT,true,41
167,NO_POLICY,binary-search,easy,partial_logic,CONCEPTUAL_HINT,CONCEPTUAL_HINT,true,44
168,NO_POLICY,binary-search,easy,local_completion,NO_FEEDBACK,CONCEPTUAL_HINT,false,50
169,NO_POLICY,merge-sorted-array,easy,syntax,CODE_HIGHLIGHT,CONCEPTUAL_HINT,false,25
170,NO_POLICY,merge-sorted-array,easy,planning,GUIDING_QUESTION,CONCEPTUAL_HINT,false,48
171,NO_POLICY,merge-sorted-array,easy,first_conceptual_error,CODE_HIGHLIGHT,CONCEPTUAL_HINT,false,48
172,NO_POLICY,merge-sorted-array,easy,repeated_conceptual_error,CONCEPTUAL_HINT,CONCEPTUAL_HINT,true,47
173,NO_POLICY,merge-sorted-array,easy,partial_logic,CONCEPTUAL_HINT,CONCEPTUAL_HINT,true,46
174,NO_POLICY,merge-sorted-array,easy,local_completion,NO_FEEDBACK,CONCEPTUAL_HINT,false,46
175,NO_POLICY,trapping-rain-water,hard,syntax,CODE_HIGHLIGHT,CONCEPTUAL_HINT,false,43
176,NO_POLICY,trapping-rain-water,hard,planning,GUIDING_QUESTION,CONCEPTUAL_HINT,false,47
177,NO_POLICY,trapping-rain-water,hard,first_conceptual_error,CONCEPTUAL_HINT,CONCEPTUAL_HINT,true,50
178,NO_POLICY,trapping-rain-water,hard,repeated_conceptual_error,CONCEPTUAL_HINT,CONCEPTUAL_HINT,true,43
179,NO_POLICY,trapping-rain-water,hard,partial_logic,CONCEPTUAL_HINT,CONCEPTUAL_HINT,true,45
180,NO_POLICY,trapping-rain-water,hard,local_completion,NO_FEEDBACK,CONCEPTUAL_HINT,false,45
181,NO_POLICY,lru-cache,medium,syntax,CODE_HIGHLIGHT,CONCEPTUAL_HINT,false,46
182,NO_POLICY,lru-cache,medium,planning,GUIDING_QUESTION,CONCEPTUAL_HINT,false,50
183,NO_POLICY,lru-cache,medium,first_conceptual_error,CONCEPTUAL_HINT,CONCEPTUAL_HINT,true,46
184,NO_POLICY,lru-cache,medium,repeated_conceptual_error,CONCEPTUAL_HINT,CONCEPTUAL_HINT,true,42
185,NO_POLICY,lru-cache,medium,partial_logic,CONCEPTUAL_HINT,CONCEPTUAL_HINT,true,46
186,NO_POLICY,lru-cache,medium,local_completion,NO_FEEDBACK,CONCEPTUAL_HINT,false,47
187,NO_POLICY,longest-substring,medium,syntax,CODE_HIGHLIGHT,CONCEPTUAL_HINT,false,64
188,NO_POLICY,longest-substring,medium,planning,GUIDING_QUESTION,CONCEPTUAL_HINT,false,53
189,NO_POLICY,longest-substring,medium,first_conceptual_error,CODE_HIGHLIGHT,CONCEPTUAL_HINT,false,36
190,NO_POLICY,longest-substring,medium,repeated_conceptual_error,CONCEPTUAL_HINT,CONCEPTUAL_HINT,true,26
191,NO_POLICY,longest-substring,medium,partial_logic,CONCEPTUAL_HINT,CONCEPTUAL_HINT,true,52
192,NO_POLICY,longest-substring,medium,local_completion,NO_FEEDBACK,CONCEPTUAL_HINT,false,50
193,NO_POLICY,reverse-linked-list,easy,syntax,CODE_HIGHLIGHT,CONCEPTUAL_HINT,false,39
194,NO_POLICY,reverse-linked-list,easy,planning,GUIDING_QUESTION,CONCEPTUAL_HINT,false,46
195,NO_POLICY,reverse-linked-list,easy,first_conceptual_error,CONCEPTUAL_HINT,CONCEPTUAL_HINT,true,46
196,NO_POLICY,reverse-linked-list,easy,repeated_conceptual_error,CONCEPTUAL_HINT,CONCEPTUAL_HINT,true,45
197,NO_POLICY,reverse-linked-list,easy,partial_logic,CONCEPTUAL_HINT,CONCEPTUAL_HINT,true,49
198,NO_POLICY,reverse-linked-list,easy,local_completion,NO_FEEDBACK,CONCEPTUAL_HINT,false,44
199,NO_POLICY,matrix-diagonal-sum,easy,syntax,CODE_HIGHLIGHT,CONCEPTUAL_HINT,false,25
200,NO_POLICY,matrix-diagonal-sum,easy,planning,GUIDING_QUESTION,CONCEPTUAL_HINT,false,35
201,NO_POLICY,matrix-diagonal-sum,easy,first_conceptual_error,CODE_HIGHLIGHT,CONCEPTUAL_HINT,false,48
202,NO_POLICY,matrix-diagonal-sum,easy,repeated_conceptual_error,CONCEPTUAL_HINT,CONCEPTUAL_HINT,true,46
203,NO_POLICY,matrix-diagonal-sum,easy,partial_logic,CONCEPTUAL_HINT,CONCEPTUAL_HINT,true,45
204,NO_POLICY,matrix-diagonal-sum,easy,local_completion,NO_FEEDBACK,CONCEPTUAL_HINT,false,25
205,NO_POLICY,roman-to-integer,easy,syntax,CODE_HIGHLIGHT,CONCEPTUAL_HINT,false,34
206,NO_POLICY,roman-to-integer,easy,planning,GUIDING_QUESTION,CONCEPTUAL_HINT,false,51
207,NO_POLICY,roman-to-integer,easy,first_conceptual_error,CODE_HIGHLIGHT,CONCEPTUAL_HINT,false,45
208,NO_POLICY,roman-to-integer,easy,repeated_conceptual_error,CONCEPTUAL_HINT,CONCEPTUAL_HINT,true,46
209,NO_POLICY,roman-to-integer,easy,partial_logic,CONCEPTUAL_HINT,CONCEPTUAL_HINT,true,48
210,NO_POLICY,roman-to-integer,easy,local_completion,NO_FEEDBACK,CONCEPTUAL_HINT,false,54
211,NO_POLICY,climbing-stairs,easy,syntax,CODE_HIGHLIGHT,CONCEPTUAL_HINT,false,36
212,NO_POLICY,climbing-stairs,easy,planning,GUIDING_QUESTION,CONCEPTUAL_HINT,false,49
213,NO_POLICY,climbing-stairs,easy,first_conceptual_error,CONCEPTUAL_HINT,CONCEPTUAL_HINT,true,45
214,NO_POLICY,climbing-stairs,easy,repeated_conceptual_error,CONCEPTUAL_HINT,CONCEPTUAL_HINT,true,46
215,NO_POLICY,climbing-stairs,easy,partial_logic,CONCEPTUAL_HINT,CONCEPTUAL_HINT,true,44
216,NO_POLICY,climbing-stairs,easy,local_completion,NO_FEEDBACK,CONCEPTUAL_HINT,false,45
217,NO_POLICY,palindrome,easy,syntax,CODE_HIGHLIGHT,CONCEPTUAL_HINT,false,48
218,NO_POLICY,palindrome,easy,planning,GUIDING_QUESTION,CONCEPTUAL_HINT,false,44
219,NO_POLICY,palindrome,easy,first_conceptual_error,CODE_HIGHLIGHT,CONCEPTUAL_HINT,false,49
220,NO_POLICY,palindrome,easy,repeated_conceptual_error,CONCEPTUAL_HINT,CONCEPTUAL_HINT,true,47
221,NO_POLICY,palindrome,easy,partial_logic,CONCEPTUAL_HINT,CONCEPTUAL_HINT,true,25
222,NO_POLICY,palindrome,easy,local_completion,NO_FEEDBACK,CONCEPTUAL_HINT,false,50
223,NO_POLICY,two-sum,easy,syntax,CODE_HIGHLIGHT,CONCEPTUAL_HINT,false,47
224,NO_POLICY,two-sum,easy,planning,GUIDING_QUESTION,CONCEPTUAL_HINT,false,45
225,NO_POLICY,two-sum,easy,first_conceptual_error,CODE_HIGHLIGHT,CONCEPTUAL_HINT,false,45
226,NO_POLICY,two-sum,easy,repeated_conceptual_error,CONCEPTUAL_HINT,CONCEPTUAL_HINT,true,49
227,NO_POLICY,two-sum,easy,partial_logic,CONCEPTUAL_HINT,CONCEPTUAL_HINT,true,43
228,NO_POLICY,two-sum,easy,local_completion,NO_FEEDBACK,CONCEPTUAL_HINT,false,29
229,NO_POLICY,valid-parentheses,easy,syntax,CODE_HIGHLIGHT,CONCEPTUAL_HINT,false,47
230,NO_POLICY,valid-parentheses,easy,planning,GUIDING_QUESTION,CONCEPTUAL_HINT,false,45
231,NO_POLICY,valid-parentheses,easy,first_conceptual_error,CODE_HIGHLIGHT,CONCEPTUAL_HINT,false,57
232,NO_POLICY,valid-parentheses,easy,repeated_conceptual_error,CONCEPTUAL_HINT,CONCEPTUAL_HINT,true,40
233,NO_POLICY,valid-parentheses,easy,partial_logic,CONCEPTUAL_HINT,CONCEPTUAL_HINT,true,43
234,NO_POLICY,valid-parentheses,easy,local_completion,NO_FEEDBACK,CONCEPTUAL_HINT,false,48
235,NO_POLICY,binary-search,easy,syntax,CODE_HIGHLIGHT,CONCEPTUAL_HINT,false,25
236,NO_POLICY,binary-search,easy,planning,GUIDING_QUESTION,CONCEPTUAL_HINT,false,52
237,NO_POLICY,binary-search,easy,first_conceptual_error,CODE_HIGHLIGHT,CONCEPTUAL_HINT,false,45
238,NO_POLICY,binary-search,easy,repeated_conceptual_error,CONCEPTUAL_HINT,CONCEPTUAL_HINT,true,45
239,NO_POLICY,binary-search,easy,partial_logic,CONCEPTUAL_HINT,CONCEPTUAL_HINT,true,48
240,NO_POLICY,binary-search,easy,local_completion,NO_FEEDBACK,CONCEPTUAL_HINT,false,45
241,NO_POLICY,merge-sorted-array,easy,syntax,CODE_HIGHLIGHT,CONCEPTUAL_HINT,false,45
242,NO_POLICY,merge-sorted-array,easy,planning,GUIDING_QUESTION,CONCEPTUAL_HINT,false,49
243,NO_POLICY,merge-sorted-array,easy,first_conceptual_error,CODE_HIGHLIGHT,CONCEPTUAL_HINT,false,46
244,NO_POLICY,merge-sorted-array,easy,repeated_conceptual_error,CONCEPTUAL_HINT,CONCEPTUAL_HINT,true,46
245,NO_POLICY,merge-sorted-array,easy,partial_logic,CONCEPTUAL_HINT,CONCEPTUAL_HINT,true,48
246,NO_POLICY,merge-sorted-array,easy,local_completion,NO_FEEDBACK,CONCEPTUAL_HINT,false,43
247,NO_POLICY,trapping-rain-water,hard,syntax,CODE_HIGHLIGHT,CONCEPTUAL_HINT,false,22
248,NO_POLICY,trapping-rain-water,hard,planning,GUIDING_QUESTION,CONCEPTUAL_HINT,false,40
249,NO_POLICY,trapping-rain-water,hard,first_conceptual_error,CONCEPTUAL_HINT,CONCEPTUAL_HINT,true,48
250,NO_POLICY,trapping-rain-water,hard,repeated_conceptual_error,CONCEPTUAL_HINT,CONCEPTUAL_HINT,true,43
251,NO_POLICY,trapping-rain-water,hard,partial_logic,CONCEPTUAL_HINT,CONCEPTUAL_HINT,true,26
252,NO_POLICY,trapping-rain-water,hard,local_completion,NO_FEEDBACK,CONCEPTUAL_HINT,false,35
253,NO_POLICY,lru-cache,medium,syntax,CODE_HIGHLIGHT,CONCEPTUAL_HINT,false,46
254,NO_POLICY,lru-cache,medium,planning,GUIDING_QUESTION,CONCEPTUAL_HINT,false,74
255,NO_POLICY,lru-cache,medium,first_conceptual_error,CONCEPTUAL_HINT,CONCEPTUAL_HINT,true,61
256,NO_POLICY,lru-cache,medium,repeated_conceptual_error,CONCEPTUAL_HINT,CONCEPTUAL_HINT,true,39
257,NO_POLICY,lru-cache,medium,partial_logic,CONCEPTUAL_HINT,CONCEPTUAL_HINT,true,45
258,NO_POLICY,lru-cache,medium,local_completion,NO_FEEDBACK,CONCEPTUAL_HINT,false,45
259,NO_POLICY,longest-substring,medium,syntax,CODE_HIGHLIGHT,CONCEPTUAL_HINT,false,44
260,NO_POLICY,longest-substring,medium,planning,GUIDING_QUESTION,CONCEPTUAL_HINT,false,50
261,NO_POLICY,longest-substring,medium,first_conceptual_error,CODE_HIGHLIGHT,CONCEPTUAL_HINT,false,46
262,NO_POLICY,longest-substring,medium,repeated_conceptual_error,CONCEPTUAL_HINT,CONCEPTUAL_HINT,true,43
263,NO_POLICY,longest-substring,medium,partial_logic,CONCEPTUAL_HINT,CONCEPTUAL_HINT,true,45
264,NO_POLICY,longest-substring,medium,local_completion,NO_FEEDBACK,CONCEPTUAL_HINT,false,47
265,NO_POLICY,reverse-linked-list,easy,syntax,CODE_HIGHLIGHT,CONCEPTUAL_HINT,false,43
266,NO_POLICY,reverse-linked-list,easy,planning,GUIDING_QUESTION,CONCEPTUAL_HINT,false,52
267,NO_POLICY,reverse-linked-list,easy,first_conceptual_error,CONCEPTUAL_HINT,CONCEPTUAL_HINT,true,42
268,NO_POLICY,reverse-linked-list,easy,repeated_conceptual_error,CONCEPTUAL_HINT,CONCEPTUAL_HINT,true,47
269,NO_POLICY,reverse-linked-list,easy,partial_logic,CONCEPTUAL_HINT,CONCEPTUAL_HINT,true,48
270,NO_POLICY,reverse-linked-list,easy,local_completion,NO_FEEDBACK,CONCEPTUAL_HINT,false,43
271,NO_POLICY,matrix-diagonal-sum,easy,syntax,CODE_HIGHLIGHT,CONCEPTUAL_HINT,false,46
272,NO_POLICY,matrix-diagonal-sum,easy,planning,GUIDING_QUESTION,CONCEPTUAL_HINT,false,46
273,NO_POLICY,matrix-diagonal-sum,easy,first_conceptual_error,CODE_HIGHLIGHT,CONCEPTUAL_HINT,false,46
274,NO_POLICY,matrix-diagonal-sum,easy,repeated_conceptual_error,CONCEPTUAL_HINT,CONCEPTUAL_HINT,true,49
275,NO_POLICY,matrix-diagonal-sum,easy,partial_logic,CONCEPTUAL_HINT,CONCEPTUAL_HINT,true,47
276,NO_POLICY,matrix-diagonal-sum,easy,local_completion,NO_FEEDBACK,CONCEPTUAL_HINT,false,53
277,NO_POLICY,roman-to-integer,easy,syntax,CODE_HIGHLIGHT,CONCEPTUAL_HINT,false,35
278,NO_POLICY,roman-to-integer,easy,planning,GUIDING_QUESTION,CONCEPTUAL_HINT,false,49
279,NO_POLICY,roman-to-integer,easy,first_conceptual_error,CODE_HIGHLIGHT,CONCEPTUAL_HINT,false,45
280,NO_POLICY,roman-to-integer,easy,repeated_conceptual_error,CONCEPTUAL_HINT,CONCEPTUAL_HINT,true,51
281,NO_POLICY,roman-to-integer,easy,partial_logic,CONCEPTUAL_HINT,CONCEPTUAL_HINT,true,42
282,NO_POLICY,roman-to-integer,easy,local_completion,NO_FEEDBACK,CONCEPTUAL_HINT,false,47
283,NO_POLICY,climbing-stairs,easy,syntax,CODE_HIGHLIGHT,CONCEPTUAL_HINT,false,45
284,NO_POLICY,climbing-stairs,easy,planning,GUIDING_QUESTION,CONCEPTUAL_HINT,false,45
285,NO_POLICY,climbing-stairs,easy,first_conceptual_error,CONCEPTUAL_HINT,CONCEPTUAL_HINT,true,46
286,NO_POLICY,climbing-stairs,easy,repeated_conceptual_error,CONCEPTUAL_HINT,CONCEPTUAL_HINT,true,47
287,NO_POLICY,climbing-stairs,easy,partial_logic,CONCEPTUAL_HINT,CONCEPTUAL_HINT,true,45
288,NO_POLICY,climbing-stairs,easy,local_completion,NO_FEEDBACK,CONCEPTUAL_HINT,false,49
